customer_id,age,income,purchase_amount,gender,region,total_purchases,preferred_product_category,customer_loyalty_score,signup_date,last_purchase_date
2,69,50200,252.2146926,Male,North,27,Toys,14.40203581,2022-03-14 00:00:00,2022-07-03 00:00:00
5,60,112300,1528.118235,Female,West,6,Clothing,28.89378506,2021-04-21 00:00:00,2021-06-02 00:00:00
6,25,62000,1024.0232,Male,West,5,Home & Garden,14.36027257,2021-11-18 00:00:00,2023-07-06 00:00:00
7,78,90500,1283.045712,Female,East,27,Home & Garden,48.22122818,2022-06-11 00:00:00,2023-02-01 00:00:00
8,38,81000,1970.645619,Male,East,8,Clothing,70.95280636,2021-06-26 00:00:00,2022-12-21 00:00:00
9,56,114300,1540.650762,Female,East,9,Clothing,61.24029081,2022-11-05 00:00:00,2023-05-30 00:00:00
10,75,83600,880.0357663,Female,West,15,Toys,95.11081821,2022-07-05 00:00:00,2022-11-13 00:00:00
11,36,56300,903.9550052,Male,North,36,Toys,81.7777884,2022-06-22 00:00:00,2023-02-08 00:00:00
14,28,109600,1011.407633,Female,East,32,Home & Garden,32.72751933,2022-07-17 00:00:00,2022-08-24 00:00:00
16,70,103600,66.59433894,Female,West,47,Health,43.905304,2021-04-08 00:00:00,2023-05-21 00:00:00
19,41,114500,275.7654016,Female,East,19,Toys,52.78742079,2021-06-19 00:00:00,2021-12-22 00:00:00
20,20,64900,217.1020954,Male,North,39,Health,59.42535672,2021-02-25 00:00:00,2022-07-25 00:00:00
21,39,30200,1214.320488,Female,West,6,Toys,56.87856827,2021-11-21 00:00:00,2022-07-27 00:00:00
22,70,68400,1056.729083,Male,South,19,Health,11.65483634,2022-10-20 00:00:00,2023-03-28 00:00:00
23,19,29900,522.0965517,Female,West,28,Health,56.99873195,2021-09-17 00:00:00,2023-12-30 00:00:00
25,61,84100,994.6199841,Female,North,42,Electronics,66.37141655,2022-07-16 00:00:00,2023-02-22 00:00:00
26,47,78000,406.1177813,Female,East,19,Clothing,42.93839967,2021-12-06 00:00:00,2023-06-28 00:00:00
27,55,48200,1311.144263,Female,East,31,Clothing,84.87885877,2022-02-08 00:00:00,2023-08-02 00:00:00
28,19,112700,1566.220326,Female,East,11,Home & Garden,77.82657448,2022-06-16 00:00:00,2023-06-15 00:00:00
29,77,50000,1587.097811,Male,South,15,Home & Garden,72.43820515,2021-06-23 00:00:00,2023-07-19 00:00:00
30,38,96300,1212.890265,Male,East,10,Clothing,70.07370993,2022-06-22 00:00:00,2022-09-29 00:00:00
32,29,67300,140.7941432,Male,West,23,Electronics,6.111357613,2021-01-10 00:00:00,2022-06-15 00:00:00
37,42,43900,320.5153115,Female,West,43,Clothing,92.90709148,2022-12-15 00:00:00,2023-12-04 00:00:00
38,66,37700,1781.361704,Male,North,20,Electronics,24.9451267,2021-12-10 00:00:00,2022-06-08 00:00:00
40,76,55200,1536.341498,Male,West,22,Electronics,96.30407827,2022-01-08 00:00:00,2022-01-30 00:00:00
42,45,116800,22.66561649,Male,South,39,Toys,1.408641216,2021-02-15 00:00:00,2023-08-12 00:00:00
43,77,111100,768.6395242,Male,South,10,Toys,90.61075999,2022-12-30 00:00:00,2023-02-02 00:00:00
44,33,97400,303.9228326,Male,South,21,Clothing,22.66472988,2021-02-24 00:00:00,2022-03-19 00:00:00
45,32,71000,56.40456146,Female,West,29,Health,70.59325392,2021-03-19 00:00:00,2023-08-25 00:00:00
46,79,117700,938.852045,Male,North,32,Home & Garden,55.30731074,2022-05-06 00:00:00,2023-06-11 00:00:00
51,61,98100,517.1386053,Male,South,23,Health,65.19126067,2021-04-21 00:00:00,2023-09-07 00:00:00
52,72,81600,1307.841993,Male,North,31,Health,29.05792289,2021-01-15 00:00:00,2022-04-07 00:00:00
53,69,106300,440.4212691,Female,West,4,Toys,97.39502077,2021-03-19 00:00:00,2022-12-10 00:00:00
57,68,55000,1993.880253,Male,West,2,Clothing,30.61592925,2021-10-02 00:00:00,2022-07-05 00:00:00
58,24,105700,383.2357543,Male,West,4,Electronics,14.85874276,2022-05-09 00:00:00,2023-07-25 00:00:00
60,26,26000,834.5216514,Male,East,15,Health,96.42222781,2022-01-11 00:00:00,2023-09-05 00:00:00
61,56,107600,270.2451164,Male,West,33,Clothing,41.14305764,2021-03-04 00:00:00,2022-10-23 00:00:00
62,35,37200,75.130937,Female,South,6,Electronics,34.73337657,2021-12-27 00:00:00,2023-06-22 00:00:00
66,31,89600,975.7726767,Female,South,1,Electronics,84.96746181,2021-07-13 00:00:00,2023-02-09 00:00:00
70,43,115500,995.3460303,Female,North,26,Toys,96.63334338,2021-10-28 00:00:00,2023-02-07 00:00:00
71,70,77900,1274.155246,Male,West,44,Clothing,15.65813762,2022-07-22 00:00:00,2022-10-05 00:00:00
72,19,37000,1614.941309,Female,South,12,Home & Garden,18.63096175,2022-11-03 00:00:00,2023-11-11 00:00:00
73,37,65900,807.8106676,Male,North,22,Home & Garden,92.68163539,2022-05-11 00:00:00,2022-08-13 00:00:00
74,45,78300,1615.838224,Female,West,13,Home & Garden,70.56876465,2021-05-29 00:00:00,2021-12-28 00:00:00
78,61,42200,738.2521288,Male,West,30,Health,43.26715339,2021-12-01 00:00:00,2023-12-11 00:00:00
79,78,90200,1102.45873,Male,West,44,Home & Garden,77.79014945,2022-11-30 00:00:00,2023-04-22 00:00:00
80,25,58800,1682.844297,Male,South,20,Clothing,55.39720546,2021-07-03 00:00:00,2023-02-24 00:00:00
82,52,75500,1604.408568,Female,West,27,Electronics,32.68201322,2021-09-19 00:00:00,2022-05-07 00:00:00
83,31,69200,1728.757911,Female,South,38,Health,16.13959177,2021-11-06 00:00:00,2023-09-12 00:00:00
84,34,97500,318.3612243,Female,North,42,Health,1.311667577,2021-12-10 00:00:00,2022-07-27 00:00:00
85,53,113000,1706.156752,Female,North,41,Clothing,82.13123443,2022-02-28 00:00:00,2023-05-09 00:00:00
86,67,97900,1983.078064,Female,South,34,Health,63.66545593,2022-10-19 00:00:00,2023-09-20 00:00:00
87,57,22500,1459.140885,Male,East,39,Health,22.93212413,2022-05-29 00:00:00,2023-08-19 00:00:00
90,79,97000,1218.852876,Male,North,37,Health,53.87001861,2021-12-28 00:00:00,2023-08-28 00:00:00
91,23,113500,629.6150364,Male,West,1,Clothing,30.01598764,2021-06-18 00:00:00,2023-12-08 00:00:00
92,71,85000,1678.311051,Male,East,15,Home & Garden,26.71845172,2022-10-22 00:00:00,2023-01-07 00:00:00
95,71,81400,522.1983999,Female,North,33,Electronics,58.18603507,2021-11-08 00:00:00,2023-10-04 00:00:00
100,51,57700,272.9938125,Female,West,33,Home & Garden,18.09024875,2021-12-17 00:00:00,2022-08-21 00:00:00
101,27,70500,895.8857355,Female,West,5,Clothing,46.19983428,2021-01-28 00:00:00,2021-06-06 00:00:00
102,79,64000,104.0904203,Male,West,18,Electronics,3.507127948,2022-09-24 00:00:00,2022-10-18 00:00:00
103,53,76900,1375.559865,Male,North,48,Toys,79.17178816,2021-05-13 00:00:00,2023-09-30 00:00:00
104,31,48100,1807.356911,Female,West,10,Clothing,88.37599988,2022-01-15 00:00:00,2023-03-09 00:00:00
106,65,99800,272.1915574,Male,East,33,Health,26.79950246,2022-06-12 00:00:00,2023-04-15 00:00:00
107,32,118700,270.0168515,Male,North,23,Home & Garden,12.3155474,2021-10-14 00:00:00,2023-08-10 00:00:00
108,25,44000,1630.600275,Male,East,40,Home & Garden,38.21441879,2021-10-11 00:00:00,2021-12-23 00:00:00
109,31,75600,1850.023464,Male,East,5,Health,83.33356205,2022-10-11 00:00:00,2022-12-18 00:00:00
110,40,102600,932.1262631,Female,West,34,Toys,34.78278038,2021-08-15 00:00:00,2021-12-28 00:00:00
112,74,34600,650.1588419,Female,North,17,Electronics,27.42803762,2021-01-27 00:00:00,2022-04-17 00:00:00
115,38,78100,590.7381228,Male,West,17,Clothing,90.085483,2021-03-30 00:00:00,2022-11-05 00:00:00
117,62,78800,1784.576145,Female,South,38,Clothing,53.97055153,2021-05-02 00:00:00,2022-04-19 00:00:00
118,35,63600,46.99536733,Female,West,22,Home & Garden,14.86888724,2021-02-02 00:00:00,2022-09-06 00:00:00
119,64,43400,658.998614,Female,South,15,Clothing,34.86444784,2022-08-26 00:00:00,2022-11-20 00:00:00
120,70,114000,1117.626229,Male,North,37,Health,58.37402253,2022-11-27 00:00:00,2023-06-17 00:00:00
122,43,105500,202.3555333,Female,East,25,Toys,26.86750459,2022-06-09 00:00:00,2022-12-11 00:00:00
123,42,33100,1634.247136,Female,West,21,Clothing,12.12268693,2021-01-24 00:00:00,2023-08-23 00:00:00
124,77,84100,1790.92069,Female,West,38,Clothing,55.88323176,2021-11-21 00:00:00,2023-05-21 00:00:00
125,77,75800,1650.740713,Male,North,2,Toys,17.65012225,2021-02-03 00:00:00,2022-10-11 00:00:00
126,77,44900,1799.600022,Female,South,27,Toys,61.03617693,2021-09-04 00:00:00,2021-12-15 00:00:00
127,62,68700,1115.161703,Female,West,49,Health,26.35214425,2021-01-19 00:00:00,2022-04-08 00:00:00
128,58,64700,1628.27108,Female,East,32,Health,23.09630043,2021-01-30 00:00:00,2023-06-04 00:00:00
129,46,111600,780.404424,Female,North,21,Clothing,39.9180765,2021-02-18 00:00:00,2021-09-03 00:00:00
130,32,66500,1339.210366,Female,North,4,Health,59.31917576,2021-06-29 00:00:00,2023-03-09 00:00:00
131,62,40600,1977.894352,Female,South,44,Health,54.53176729,2022-01-05 00:00:00,2023-05-20 00:00:00
132,18,49800,466.9408932,Male,West,19,Clothing,24.47344772,2022-01-30 00:00:00,2023-12-27 00:00:00
133,42,77900,792.0014977,Female,West,2,Toys,89.11166745,2022-08-13 00:00:00,2023-12-10 00:00:00
134,24,23800,970.4938071,Male,North,26,Clothing,10.98819697,2022-05-11 00:00:00,2023-03-27 00:00:00
135,26,47100,293.2706643,Male,East,34,Electronics,3.946756307,2022-03-07 00:00:00,2022-05-30 00:00:00
136,41,87300,180.4564487,Female,West,14,Clothing,60.27062694,2021-07-26 00:00:00,2021-08-14 00:00:00
137,18,87000,1662.851275,Male,East,15,Electronics,12.34071681,2021-02-04 00:00:00,2022-08-01 00:00:00
141,28,104000,150.3072862,Male,North,19,Clothing,61.74565804,2021-11-06 00:00:00,2022-04-28 00:00:00
142,68,102000,1784.810049,Male,East,9,Health,57.48052249,2021-10-06 00:00:00,2023-03-19 00:00:00
143,34,71700,938.3522145,Female,West,7,Home & Garden,17.95392522,2021-06-01 00:00:00,2021-10-01 00:00:00
145,52,26000,963.3933171,Male,East,13,Electronics,34.25235074,2021-08-31 00:00:00,2023-11-09 00:00:00
146,52,29500,650.2421075,Male,South,27,Clothing,95.30743222,2021-01-10 00:00:00,2021-12-11 00:00:00
147,50,76500,988.2908351,Male,West,44,Clothing,24.23202314,2022-01-27 00:00:00,2023-01-05 00:00:00
148,76,49900,1721.921666,Male,South,35,Clothing,47.15163714,2021-02-17 00:00:00,2022-07-23 00:00:00
150,59,61400,1395.41447,Male,South,15,Home & Garden,78.91806524,2021-07-23 00:00:00,2022-10-07 00:00:00
151,56,85100,742.0479389,Male,East,46,Toys,96.45152393,2021-06-06 00:00:00,2021-12-04 00:00:00
152,75,42700,1482.241639,Female,East,9,Electronics,60.83302551,2021-01-26 00:00:00,2022-03-28 00:00:00
154,45,111400,256.7327555,Female,North,23,Health,82.66497755,2022-11-09 00:00:00,2022-12-18 00:00:00
155,24,69700,1153.832849,Male,West,36,Toys,29.14562714,2021-09-21 00:00:00,2022-09-23 00:00:00
156,26,102400,528.3521227,Male,South,40,Toys,16.47728019,2022-06-13 00:00:00,2023-02-04 00:00:00
158,29,83000,863.3566628,Male,East,34,Home & Garden,63.89556635,2022-04-15 00:00:00,2023-01-07 00:00:00
159,51,41800,1989.474647,Female,South,19,Health,87.89489026,2021-09-11 00:00:00,2022-10-22 00:00:00
163,40,54200,1539.647685,Male,East,49,Toys,66.4513433,2021-11-22 00:00:00,2023-07-27 00:00:00
165,41,100200,994.267889,Female,East,7,Toys,98.19287244,2021-04-28 00:00:00,2023-04-02 00:00:00
166,54,99600,1597.086869,Female,West,41,Home & Garden,37.46612995,2021-06-14 00:00:00,2023-11-19 00:00:00
170,39,87700,1056.655887,Male,North,15,Clothing,59.82018958,2022-01-09 00:00:00,2022-07-08 00:00:00
171,44,57900,578.8796914,Female,West,3,Electronics,38.98947642,2022-08-01 00:00:00,2023-07-22 00:00:00
175,54,30900,1310.763714,Female,North,8,Toys,69.3075113,2022-02-18 00:00:00,2022-04-12 00:00:00
176,64,55900,1668.186023,Male,West,5,Toys,1.432845545,2022-01-15 00:00:00,2022-10-15 00:00:00
177,31,46900,1951.436596,Female,West,4,Electronics,32.464739,2021-01-01 00:00:00,2022-09-10 00:00:00
178,20,83500,958.8453066,Male,North,14,Clothing,31.90440314,2021-06-16 00:00:00,2023-02-19 00:00:00
179,18,34000,152.0538852,Male,South,16,Toys,74.88352859,2021-01-16 00:00:00,2022-04-03 00:00:00
181,43,60400,605.4167778,Male,South,24,Clothing,63.33271324,2021-04-22 00:00:00,2022-10-25 00:00:00
182,72,109500,1866.438287,Female,South,6,Electronics,68.85244021,2022-01-03 00:00:00,2023-08-19 00:00:00
183,31,35400,1055.961849,Female,East,31,Toys,65.84255442,2021-04-12 00:00:00,2021-06-29 00:00:00
185,44,109900,810.3502531,Male,West,35,Electronics,41.36168493,2022-02-10 00:00:00,2022-06-11 00:00:00
188,32,32100,324.7606294,Female,North,3,Clothing,6.370310248,2022-11-02 00:00:00,2023-02-02 00:00:00
189,43,43800,1954.52272,Male,North,11,Toys,87.58198421,2021-02-09 00:00:00,2023-07-11 00:00:00
190,59,102700,1098.649009,Male,West,3,Health,82.5315143,2022-10-29 00:00:00,2023-11-11 00:00:00
191,77,29600,288.6628692,Male,East,28,Electronics,34.6384717,2022-07-02 00:00:00,2023-01-15 00:00:00
193,68,86600,167.7840935,Male,West,33,Health,93.22276982,2022-05-31 00:00:00,2022-09-29 00:00:00
194,49,43800,1817.316158,Female,East,48,Health,27.16367974,2022-05-12 00:00:00,2023-10-21 00:00:00
198,78,22100,687.8596162,Male,North,36,Home & Garden,88.39691294,2022-06-08 00:00:00,2023-06-25 00:00:00
201,47,112200,1470.129124,Male,South,12,Clothing,90.76392933,2021-11-15 00:00:00,2022-03-15 00:00:00
203,40,81700,1950.856352,Female,East,13,Home & Garden,69.58696802,2022-08-17 00:00:00,2022-12-22 00:00:00
204,56,53900,1669.744626,Male,West,24,Health,58.63840221,2021-01-14 00:00:00,2022-04-18 00:00:00
205,62,57900,619.9746638,Female,East,44,Health,63.29886142,2021-02-25 00:00:00,2023-10-04 00:00:00
206,32,35400,1933.764083,Female,South,32,Toys,80.3705424,2022-02-07 00:00:00,2022-09-25 00:00:00
207,60,79700,1263.676672,Female,West,16,Health,97.92330833,2021-12-08 00:00:00,2022-02-25 00:00:00
208,46,47800,1862.672103,Male,East,32,Clothing,79.5325354,2021-07-18 00:00:00,2023-08-14 00:00:00
209,53,88100,1358.687951,Female,East,45,Home & Garden,70.75368316,2022-11-09 00:00:00,2023-08-31 00:00:00
212,24,89200,1109.934119,Female,West,21,Home & Garden,73.59943674,2022-03-17 00:00:00,2023-02-16 00:00:00
213,76,36100,1584.229386,Female,North,47,Clothing,77.04321954,2021-03-19 00:00:00,2022-09-30 00:00:00
214,68,68900,649.6054517,Male,South,12,Health,23.10964782,2021-04-22 00:00:00,2022-06-24 00:00:00
215,39,43300,1167.867709,Male,North,21,Clothing,90.34436965,2022-06-19 00:00:00,2023-06-22 00:00:00
216,45,115300,704.3374873,Female,West,21,Health,9.728136835,2022-01-10 00:00:00,2022-02-25 00:00:00
217,19,26700,1635.223421,Male,East,43,Toys,25.36120557,2021-04-26 00:00:00,2022-04-29 00:00:00
218,59,113100,944.1216257,Male,West,6,Clothing,66.30234383,2021-05-22 00:00:00,2023-10-26 00:00:00
222,70,36100,1008.619833,Male,North,14,Electronics,38.79305377,2021-03-17 00:00:00,2023-02-13 00:00:00
224,45,83700,245.9971392,Male,East,1,Health,16.26061323,2021-04-10 00:00:00,2022-03-01 00:00:00
226,61,48800,1747.857043,Male,East,34,Electronics,22.26940117,2022-04-13 00:00:00,2022-11-26 00:00:00
228,37,26000,1971.894535,Male,South,3,Home & Garden,68.22006059,2021-10-19 00:00:00,2021-10-20 00:00:00
229,47,75600,20.36932578,Female,North,42,Clothing,44.07064424,2021-05-05 00:00:00,2022-12-18 00:00:00
230,79,98300,1235.679323,Female,West,6,Electronics,79.65909364,2022-06-03 00:00:00,2022-06-13 00:00:00
231,28,69900,1240.527791,Female,West,6,Health,86.14449346,2021-01-23 00:00:00,2022-04-25 00:00:00
232,75,62100,925.7372506,Female,West,20,Home & Garden,84.59888774,2021-06-11 00:00:00,2022-04-22 00:00:00
235,42,41900,841.6216634,Female,South,26,Health,65.01417346,2021-01-21 00:00:00,2021-11-13 00:00:00
236,56,57900,1466.375105,Female,East,31,Home & Garden,32.19830873,2022-04-09 00:00:00,2022-09-30 00:00:00
238,50,64000,411.3256568,Male,South,32,Health,49.56643823,2022-05-17 00:00:00,2022-11-21 00:00:00
241,44,101600,1060.011669,Male,South,6,Clothing,79.66836461,2022-07-07 00:00:00,2022-12-13 00:00:00
242,79,115000,240.1933197,Male,West,23,Health,19.20097765,2021-07-22 00:00:00,2022-07-17 00:00:00
243,74,25500,1738.975205,Female,West,28,Toys,28.75717489,2022-02-20 00:00:00,2022-03-15 00:00:00
244,69,48900,608.775832,Female,West,49,Toys,98.2838548,2022-10-02 00:00:00,2023-11-11 00:00:00
245,30,26300,341.8252152,Female,East,30,Toys,37.35485541,2021-05-22 00:00:00,2021-05-23 00:00:00
246,58,96300,1357.730193,Male,West,14,Home & Garden,78.37223574,2022-09-07 00:00:00,2023-05-18 00:00:00
247,20,54000,95.41087519,Male,South,37,Health,44.68154684,2021-04-17 00:00:00,2021-12-19 00:00:00
248,56,119200,1247.537758,Female,East,32,Clothing,86.40959241,2022-06-13 00:00:00,2023-10-14 00:00:00
250,25,70300,445.5347321,Male,North,34,Toys,2.291005989,2022-07-30 00:00:00,2023-05-27 00:00:00
251,44,104800,103.0888654,Male,West,41,Electronics,29.43898859,2022-11-19 00:00:00,2023-07-08 00:00:00
252,26,45100,740.0178107,Female,West,44,Home & Garden,55.79923149,2021-10-18 00:00:00,2023-12-18 00:00:00
253,79,47400,215.2165759,Female,East,22,Home & Garden,92.61740441,2021-11-07 00:00:00,2023-04-21 00:00:00
254,54,95100,250.6261424,Male,South,31,Health,10.20298946,2022-10-30 00:00:00,2023-05-28 00:00:00
256,68,53800,605.0264908,Male,East,41,Health,30.21767314,2021-02-22 00:00:00,2023-10-09 00:00:00
257,59,41700,1069.341275,Male,East,21,Electronics,88.9327782,2022-08-08 00:00:00,2023-03-25 00:00:00
258,61,95600,1363.215933,Female,South,16,Clothing,76.51696097,2021-07-02 00:00:00,2021-09-26 00:00:00
261,76,65300,360.7303443,Male,North,44,Toys,1.14979724,2021-01-13 00:00:00,2021-05-13 00:00:00
262,71,54100,1759.963115,Female,West,47,Electronics,62.11344507,2022-07-13 00:00:00,2023-07-17 00:00:00
264,49,50500,1742.476909,Female,North,48,Toys,31.47564929,2021-10-11 00:00:00,2022-11-16 00:00:00
265,41,104000,755.6620924,Male,East,32,Home & Garden,98.55022916,2022-07-19 00:00:00,2023-04-04 00:00:00
267,69,104100,1056.853564,Male,North,5,Toys,74.98392836,2021-01-08 00:00:00,2021-12-23 00:00:00
268,66,77500,651.8645098,Male,East,11,Electronics,17.74124173,2021-03-13 00:00:00,2021-07-23 00:00:00
269,79,34500,950.4324366,Female,East,15,Clothing,1.345525774,2021-04-08 00:00:00,2022-04-16 00:00:00
270,66,23500,1014.931936,Female,North,29,Electronics,41.75626194,2021-03-28 00:00:00,2022-04-09 00:00:00
271,75,115900,417.52653,Male,East,45,Health,66.56648349,2021-04-11 00:00:00,2022-05-12 00:00:00
272,69,28400,643.7205373,Male,South,4,Health,50.65986962,2021-10-08 00:00:00,2022-12-03 00:00:00
273,29,54900,1586.991306,Female,East,49,Electronics,89.04662576,2021-10-16 00:00:00,2023-04-17 00:00:00
278,66,118000,1363.412514,Female,East,46,Home & Garden,26.96478616,2022-01-03 00:00:00,2023-02-20 00:00:00
280,66,73100,1975.744087,Female,South,3,Clothing,79.33097732,2021-04-06 00:00:00,2022-10-28 00:00:00
281,73,110200,664.8559081,Female,South,32,Home & Garden,82.50914608,2021-09-18 00:00:00,2023-12-23 00:00:00
282,34,103900,800.3893726,Male,East,10,Electronics,3.329778357,2022-05-27 00:00:00,2023-12-17 00:00:00
283,76,104600,1214.601708,Male,North,40,Toys,35.86455984,2021-05-01 00:00:00,2022-08-23 00:00:00
284,66,43300,1607.334901,Female,North,38,Home & Garden,74.98764546,2022-01-01 00:00:00,2023-10-15 00:00:00
285,19,81400,949.6469574,Male,South,22,Home & Garden,94.63818475,2021-11-28 00:00:00,2022-09-12 00:00:00
286,19,103400,856.8589469,Male,North,14,Electronics,37.78182838,2021-02-21 00:00:00,2023-12-06 00:00:00
288,71,90600,40.77740946,Male,East,21,Clothing,39.37204065,2021-11-14 00:00:00,2022-12-30 00:00:00
289,40,102000,1792.229272,Male,North,48,Electronics,17.94946272,2022-11-06 00:00:00,2023-03-25 00:00:00
290,54,114800,315.2988354,Male,East,15,Health,0.344614378,2022-12-03 00:00:00,2022-12-09 00:00:00
292,50,28000,1243.504488,Female,South,1,Toys,37.84750507,2022-08-20 00:00:00,2023-02-04 00:00:00
293,18,42500,696.8576253,Male,East,24,Electronics,94.51175289,2021-07-13 00:00:00,2022-08-08 00:00:00
295,79,22100,45.5563114,Male,South,10,Toys,38.2230708,2021-01-21 00:00:00,2023-05-20 00:00:00
296,19,45300,468.8474911,Male,East,46,Clothing,2.515412982,2022-02-03 00:00:00,2023-12-18 00:00:00
298,61,39800,716.0536749,Male,North,42,Home & Garden,91.51412363,2021-07-21 00:00:00,2023-03-14 00:00:00
299,43,49400,1228.547441,Female,West,31,Clothing,23.78206473,2022-04-11 00:00:00,2022-05-25 00:00:00
300,49,35100,67.73818295,Male,West,11,Electronics,42.89951106,2021-05-31 00:00:00,2022-03-06 00:00:00
301,23,76700,250.5886824,Male,East,16,Home & Garden,12.21126214,2021-06-08 00:00:00,2022-08-01 00:00:00
302,49,25200,271.6505556,Female,West,9,Toys,45.68354303,2021-11-06 00:00:00,2023-07-29 00:00:00
303,72,114900,394.7816189,Male,East,47,Clothing,13.33424636,2022-05-19 00:00:00,2023-11-16 00:00:00
304,21,22900,929.4762528,Male,South,14,Health,52.33484944,2021-01-26 00:00:00,2022-08-12 00:00:00
306,28,63700,1812.966899,Male,East,31,Clothing,55.33427748,2021-09-20 00:00:00,2022-01-07 00:00:00
307,73,62900,1674.03761,Female,East,9,Home & Garden,24.52195784,2022-04-17 00:00:00,2023-07-17 00:00:00
308,76,33500,409.8379861,Male,West,36,Toys,35.37959855,2021-06-16 00:00:00,2023-11-26 00:00:00
309,34,37100,893.4780934,Female,East,39,Toys,63.85727377,2021-06-03 00:00:00,2023-11-09 00:00:00
312,22,27800,1017.023023,Female,South,24,Home & Garden,84.49494736,2022-02-17 00:00:00,2023-10-12 00:00:00
314,51,87200,451.9851726,Female,South,19,Health,16.23692245,2021-07-03 00:00:00,2023-09-01 00:00:00
316,39,82500,942.9102595,Female,South,48,Health,96.55517746,2021-07-13 00:00:00,2022-08-02 00:00:00
317,28,65700,901.8653214,Male,North,30,Electronics,28.15351112,2021-01-02 00:00:00,2023-10-19 00:00:00
318,65,43300,48.84296641,Male,North,22,Home & Garden,90.85935879,2021-08-03 00:00:00,2022-10-01 00:00:00
320,50,21500,1735.259023,Male,North,44,Home & Garden,38.59214305,2022-08-10 00:00:00,2023-04-13 00:00:00
322,77,57500,841.9473803,Male,South,4,Clothing,0.988328778,2022-04-28 00:00:00,2022-09-15 00:00:00
323,76,112600,48.37519362,Male,West,37,Toys,33.80895216,2022-07-15 00:00:00,2023-04-01 00:00:00
324,23,29600,967.1042537,Female,North,8,Toys,30.26457122,2021-02-01 00:00:00,2023-04-20 00:00:00
326,46,20200,1642.826915,Male,North,28,Clothing,52.9123539,2021-01-15 00:00:00,2021-10-04 00:00:00
329,77,94000,581.0608564,Female,North,36,Electronics,59.05098088,2021-01-17 00:00:00,2023-01-27 00:00:00
331,53,70100,1095.136303,Female,East,5,Home & Garden,24.62047685,2021-03-22 00:00:00,2023-09-26 00:00:00
332,36,52600,760.1400556,Male,North,24,Clothing,29.36121651,2022-10-18 00:00:00,2022-12-23 00:00:00
333,43,113600,1258.15332,Male,West,47,Toys,60.79089476,2022-03-12 00:00:00,2023-04-11 00:00:00
334,20,29900,44.4352712,Male,North,18,Home & Garden,37.3254959,2021-01-08 00:00:00,2021-08-13 00:00:00
336,37,53000,1489.741206,Male,East,28,Home & Garden,65.04382638,2021-10-14 00:00:00,2023-11-27 00:00:00
341,50,79100,1905.782306,Male,South,22,Electronics,94.96941809,2021-03-24 00:00:00,2022-12-18 00:00:00
346,18,70100,34.52161866,Female,East,6,Electronics,24.64342808,2021-11-21 00:00:00,2022-11-04 00:00:00
347,28,35900,71.10259787,Male,South,27,Clothing,6.395789682,2022-02-23 00:00:00,2023-10-10 00:00:00
348,45,67300,1115.515466,Male,East,25,Home & Garden,53.72034866,2021-02-20 00:00:00,2023-01-18 00:00:00
349,74,37100,1050.48982,Female,West,29,Health,84.5899646,2021-01-27 00:00:00,2021-09-30 00:00:00
351,67,117800,419.646834,Female,North,16,Clothing,78.30674702,2022-06-29 00:00:00,2022-09-18 00:00:00
352,40,116900,531.0457797,Male,South,12,Electronics,83.63960073,2021-03-03 00:00:00,2022-10-26 00:00:00
353,48,34300,244.8104718,Male,North,20,Clothing,45.44035588,2022-10-19 00:00:00,2023-11-16 00:00:00
354,47,28000,1836.735159,Male,North,18,Clothing,59.09550659,2021-06-20 00:00:00,2022-11-11 00:00:00
355,59,68400,1560.066264,Female,West,34,Home & Garden,53.39122985,2021-10-13 00:00:00,2022-06-28 00:00:00
356,52,86800,1648.231441,Female,East,23,Electronics,93.91958616,2021-04-27 00:00:00,2023-01-03 00:00:00
357,24,97500,1807.4723,Female,North,45,Electronics,72.55056851,2021-01-04 00:00:00,2021-04-01 00:00:00
358,77,85500,1059.301974,Male,West,27,Clothing,92.53428108,2021-03-07 00:00:00,2022-04-21 00:00:00
359,33,70700,913.3625191,Male,West,49,Home & Garden,22.00099781,2021-03-01 00:00:00,2022-12-27 00:00:00
360,43,97500,674.1751179,Female,South,17,Toys,31.02368518,2022-05-17 00:00:00,2022-06-18 00:00:00
361,65,22600,1186.644936,Female,West,48,Health,7.091347318,2021-08-17 00:00:00,2022-11-29 00:00:00
362,74,42700,919.4712256,Male,South,21,Electronics,49.99079567,2021-04-10 00:00:00,2023-05-30 00:00:00
364,77,40700,1875.11717,Male,South,31,Home & Garden,32.68466971,2021-03-10 00:00:00,2022-08-15 00:00:00
365,66,38800,1968.382398,Male,West,3,Clothing,12.82821069,2022-10-26 00:00:00,2023-04-21 00:00:00
367,18,54600,1518.381019,Male,East,26,Electronics,44.75002725,2021-08-11 00:00:00,2021-11-26 00:00:00
370,29,38400,137.0295253,Male,East,28,Electronics,81.99798081,2021-07-30 00:00:00,2021-12-07 00:00:00
376,26,102000,586.0830569,Female,North,29,Home & Garden,92.04410365,2021-03-04 00:00:00,2022-11-22 00:00:00
377,58,26600,1351.331829,Male,West,23,Toys,64.36327976,2022-01-27 00:00:00,2023-10-07 00:00:00
380,65,27400,675.6700485,Male,South,10,Toys,14.97255641,2021-02-22 00:00:00,2021-08-13 00:00:00
381,33,49300,1536.623718,Male,South,27,Electronics,78.26629269,2021-02-07 00:00:00,2023-02-20 00:00:00
382,20,44300,839.0837844,Male,West,49,Health,58.81100533,2021-11-04 00:00:00,2023-06-13 00:00:00
384,41,108600,1167.645813,Male,South,39,Clothing,33.29008462,2021-02-22 00:00:00,2021-08-11 00:00:00
386,73,53400,1977.309174,Female,South,45,Home & Garden,87.47625238,2022-08-29 00:00:00,2022-09-09 00:00:00
387,50,39500,102.0276159,Female,East,3,Electronics,58.12620384,2022-03-28 00:00:00,2023-12-02 00:00:00
388,41,22400,1936.249421,Female,South,47,Clothing,52.45440657,2022-04-06 00:00:00,2023-08-17 00:00:00
389,69,82100,1108.731073,Male,West,37,Toys,81.64480421,2022-05-01 00:00:00,2022-08-27 00:00:00
390,28,95500,1927.054874,Female,East,31,Home & Garden,74.93351798,2021-05-17 00:00:00,2023-11-01 00:00:00
393,53,27600,355.6181019,Female,North,18,Home & Garden,76.85001074,2022-01-30 00:00:00,2023-08-18 00:00:00
394,55,91800,120.9302565,Female,East,35,Home & Garden,16.87010289,2021-02-06 00:00:00,2022-11-07 00:00:00
396,37,38500,431.4111735,Male,North,3,Home & Garden,84.33026752,2021-05-27 00:00:00,2021-07-30 00:00:00
397,79,66800,1183.640096,Male,West,5,Toys,57.82538453,2021-01-08 00:00:00,2021-12-05 00:00:00
399,65,64700,677.3332134,Male,South,28,Toys,48.45880832,2022-10-09 00:00:00,2023-03-31 00:00:00
400,79,65300,1567.632465,Male,North,19,Home & Garden,92.64811007,2022-07-25 00:00:00,2023-09-02 00:00:00
401,42,106600,885.3620132,Male,South,28,Home & Garden,35.3971748,2022-09-27 00:00:00,2023-12-17 00:00:00
402,52,87200,1262.935921,Female,West,27,Clothing,72.45220023,2022-03-23 00:00:00,2023-04-17 00:00:00
403,42,70700,1301.966723,Male,North,13,Toys,30.09865093,2021-09-20 00:00:00,2023-08-10 00:00:00
406,63,68000,1380.845214,Female,West,21,Clothing,73.77655131,2021-09-16 00:00:00,2023-04-19 00:00:00
407,35,33200,1923.999298,Female,South,27,Toys,15.00241794,2021-11-19 00:00:00,2023-11-23 00:00:00
408,19,103500,1465.881802,Female,South,46,Clothing,50.48020332,2022-06-14 00:00:00,2023-03-07 00:00:00
409,71,34400,989.9435439,Male,West,6,Clothing,21.23214849,2021-10-28 00:00:00,2023-08-17 00:00:00
410,52,88700,1268.82054,Male,East,38,Clothing,7.462412142,2022-04-30 00:00:00,2023-03-26 00:00:00
411,33,85700,1484.572138,Male,West,49,Electronics,61.74519819,2021-04-02 00:00:00,2021-12-08 00:00:00
414,53,98300,405.6515254,Female,West,41,Electronics,58.06458004,2021-12-01 00:00:00,2022-12-26 00:00:00
416,21,89300,559.8482817,Male,North,39,Home & Garden,65.048335,2021-08-26 00:00:00,2021-12-21 00:00:00
417,50,113300,1468.492997,Male,East,7,Home & Garden,67.31133023,2022-11-17 00:00:00,2023-12-30 00:00:00
418,31,94100,756.7980262,Male,North,30,Toys,17.89285116,2021-03-24 00:00:00,2023-03-22 00:00:00
419,38,77400,1053.33097,Male,East,21,Home & Garden,49.26096789,2022-10-31 00:00:00,2022-12-13 00:00:00
421,37,50700,378.8266109,Female,North,25,Electronics,47.09568524,2021-06-27 00:00:00,2023-02-10 00:00:00
422,73,90300,1915.249988,Male,East,32,Electronics,80.08265764,2021-09-07 00:00:00,2022-01-24 00:00:00
423,25,68800,1782.473346,Male,South,8,Toys,46.06989877,2022-07-21 00:00:00,2023-04-26 00:00:00
424,24,37000,1311.50472,Female,South,5,Home & Garden,6.285067826,2022-10-29 00:00:00,2023-05-19 00:00:00
425,20,87300,930.0963028,Female,South,30,Home & Garden,90.55416612,2021-04-01 00:00:00,2021-12-05 00:00:00
426,34,79700,1358.00736,Female,North,8,Toys,54.48158875,2021-12-05 00:00:00,2023-01-27 00:00:00
428,65,57900,1145.733466,Male,North,19,Home & Garden,57.2354512,2021-06-18 00:00:00,2022-03-12 00:00:00
429,29,83900,137.1706023,Female,West,44,Clothing,6.963631598,2021-05-19 00:00:00,2022-01-12 00:00:00
432,39,95000,1988.281676,Female,West,36,Electronics,21.43398793,2022-09-15 00:00:00,2023-04-01 00:00:00
434,39,29300,1465.743438,Male,North,27,Electronics,45.94415119,2021-06-19 00:00:00,2023-02-13 00:00:00
437,55,51000,272.5889457,Male,North,37,Health,58.17484179,2021-05-18 00:00:00,2021-08-23 00:00:00
438,55,25800,829.9885943,Male,West,48,Health,24.09520426,2021-01-28 00:00:00,2022-12-24 00:00:00
440,68,31000,619.6031802,Female,North,39,Clothing,12.27056993,2022-02-02 00:00:00,2023-04-11 00:00:00
444,44,35000,1878.55633,Female,South,44,Health,40.6935912,2022-03-02 00:00:00,2022-09-14 00:00:00
445,51,20800,712.7116807,Male,North,7,Home & Garden,96.198262,2021-05-16 00:00:00,2021-08-09 00:00:00
447,47,47700,1318.68856,Female,West,27,Clothing,55.31767061,2022-10-03 00:00:00,2023-04-12 00:00:00
449,45,38500,643.7208042,Male,North,35,Toys,92.11471376,2021-09-24 00:00:00,2022-06-18 00:00:00
450,64,60000,464.7128313,Female,East,15,Toys,88.41119539,2021-04-17 00:00:00,2022-12-03 00:00:00
451,50,49200,156.9240641,Male,West,28,Health,9.799474203,2022-07-14 00:00:00,2023-04-12 00:00:00
452,22,101900,1658.447508,Male,South,35,Toys,63.42974105,2021-05-18 00:00:00,2023-02-16 00:00:00
453,77,42300,523.990275,Female,East,7,Electronics,80.80989805,2022-09-07 00:00:00,2023-07-29 00:00:00
454,78,33600,956.5944566,Male,West,46,Toys,83.55746896,2021-02-16 00:00:00,2022-03-23 00:00:00
455,65,40400,105.764241,Male,North,46,Electronics,57.79071425,2022-10-27 00:00:00,2022-11-11 00:00:00
457,21,111200,674.5107846,Female,East,32,Toys,97.37129016,2021-01-06 00:00:00,2022-03-01 00:00:00
458,52,43700,1494.578721,Female,East,38,Toys,47.21967028,2022-06-07 00:00:00,2022-09-17 00:00:00
461,61,38700,1036.086663,Female,South,26,Home & Garden,42.41508801,2021-09-29 00:00:00,2023-04-29 00:00:00
462,45,41300,278.3990281,Male,North,39,Clothing,24.21807182,2021-03-07 00:00:00,2023-01-02 00:00:00
463,47,84200,892.2675365,Female,South,20,Toys,32.73336257,2022-02-24 00:00:00,2022-03-30 00:00:00
464,46,68600,648.2648453,Female,East,18,Clothing,98.53576098,2021-12-05 00:00:00,2023-07-27 00:00:00
466,70,108700,140.638869,Female,West,22,Toys,52.67250165,2022-04-14 00:00:00,2023-09-11 00:00:00
467,23,71600,1394.15448,Male,West,22,Electronics,84.8294266,2021-11-27 00:00:00,2022-01-26 00:00:00
469,77,52700,651.7092472,Female,North,2,Health,32.44534216,2021-05-11 00:00:00,2022-07-27 00:00:00
471,54,115000,1817.869877,Female,West,43,Toys,11.40863104,2022-12-20 00:00:00,2023-07-19 00:00:00
474,66,81100,651.0054159,Female,East,13,Home & Garden,91.74606573,2021-08-31 00:00:00,2022-07-24 00:00:00
475,63,69200,227.2584217,Male,East,41,Clothing,72.56781335,2022-04-08 00:00:00,2022-12-28 00:00:00
476,70,71800,274.6210422,Female,North,9,Health,7.461324066,2021-12-16 00:00:00,2023-09-29 00:00:00
477,48,53300,1156.224184,Female,South,49,Health,40.2895611,2021-01-17 00:00:00,2021-10-30 00:00:00
479,77,96000,81.24314516,Female,West,41,Health,51.12067433,2021-12-29 00:00:00,2023-02-17 00:00:00
482,78,26800,268.2431915,Male,West,4,Toys,10.43350529,2022-06-09 00:00:00,2023-11-30 00:00:00
484,49,41100,1291.331285,Male,East,32,Toys,45.11460431,2022-02-24 00:00:00,2022-11-26 00:00:00
486,50,108000,999.1518277,Female,West,2,Clothing,73.79863823,2021-01-14 00:00:00,2022-07-06 00:00:00
487,20,87900,260.9567073,Female,East,40,Toys,91.99347318,2021-02-13 00:00:00,2023-09-04 00:00:00
489,42,99100,645.833814,Female,North,20,Clothing,39.55821119,2021-10-22 00:00:00,2023-06-03 00:00:00
491,48,49200,1620.621867,Female,West,42,Toys,73.267197,2021-04-14 00:00:00,2021-09-16 00:00:00
493,75,97100,605.5801739,Male,South,8,Clothing,16.40832852,2021-03-03 00:00:00,2021-12-12 00:00:00
494,20,100300,526.3725291,Male,North,28,Electronics,22.13685595,2022-07-19 00:00:00,2023-04-27 00:00:00
495,57,104800,668.2934983,Female,North,46,Health,15.48112406,2022-02-16 00:00:00,2023-06-14 00:00:00
496,63,57800,345.9486162,Female,East,21,Electronics,30.23690338,2022-09-22 00:00:00,2023-12-13 00:00:00
499,49,85800,781.7705015,Female,East,8,Toys,52.42340379,2021-07-18 00:00:00,2022-10-27 00:00:00
500,64,20300,883.2704575,Male,East,31,Health,26.92099191,2021-02-05 00:00:00,2022-03-27 00:00:00
501,39,99500,1196.217942,Female,South,37,Clothing,82.91957791,2021-08-04 00:00:00,2021-12-17 00:00:00
502,40,21900,1187.51392,Female,North,16,Home & Garden,0.659240534,2022-08-09 00:00:00,2022-10-11 00:00:00
503,19,24200,153.4062056,Male,West,40,Home & Garden,22.31149585,2021-11-02 00:00:00,2023-05-28 00:00:00
504,44,26700,1666.450757,Male,North,42,Electronics,60.52407576,2022-07-21 00:00:00,2022-08-06 00:00:00
505,59,105200,371.1065754,Male,East,27,Health,9.671050197,2021-01-12 00:00:00,2021-09-02 00:00:00
506,19,109100,1451.681839,Female,South,40,Toys,46.63122159,2021-03-24 00:00:00,2022-07-04 00:00:00
507,43,85100,1549.888556,Male,South,41,Clothing,43.62072965,2021-02-01 00:00:00,2022-12-29 00:00:00
508,34,53400,1435.501078,Male,West,18,Clothing,85.25230068,2022-02-12 00:00:00,2022-10-01 00:00:00
509,57,37100,1166.37574,Male,South,35,Clothing,62.53971932,2021-03-27 00:00:00,2022-08-07 00:00:00
511,26,110800,733.5434749,Female,North,15,Toys,95.18076018,2022-12-14 00:00:00,2023-04-07 00:00:00
513,71,60000,787.1535659,Female,South,17,Clothing,65.33947322,2021-09-13 00:00:00,2022-02-16 00:00:00
514,65,31300,1729.690192,Male,South,40,Electronics,52.20014502,2021-08-29 00:00:00,2023-03-25 00:00:00
517,59,22600,546.6754323,Male,South,31,Health,98.7456617,2022-03-28 00:00:00,2022-05-15 00:00:00
518,72,83000,678.9061205,Male,South,37,Electronics,70.50212595,2021-01-01 00:00:00,2023-09-09 00:00:00
524,30,62900,1635.836504,Male,East,17,Clothing,41.5045494,2022-11-11 00:00:00,2023-07-29 00:00:00
525,77,72800,57.51189868,Male,East,14,Toys,21.48460116,2021-04-29 00:00:00,2022-05-04 00:00:00
527,24,21300,432.6311558,Male,West,46,Electronics,21.12547308,2021-03-21 00:00:00,2022-10-16 00:00:00
531,37,46200,133.0919835,Female,North,48,Home & Garden,46.83054874,2022-06-01 00:00:00,2023-03-24 00:00:00
534,63,36200,1808.382782,Male,East,33,Home & Garden,25.72136788,2022-04-11 00:00:00,2023-11-27 00:00:00
537,29,75500,844.2003058,Male,North,26,Health,57.18099946,2021-02-27 00:00:00,2023-06-27 00:00:00
538,68,46900,726.0112254,Male,West,8,Clothing,69.73875616,2021-12-03 00:00:00,2022-02-06 00:00:00
539,40,112100,1825.217236,Female,South,34,Clothing,67.3698641,2022-05-25 00:00:00,2023-09-14 00:00:00
541,45,108800,1034.185121,Female,South,31,Clothing,77.96482057,2022-03-02 00:00:00,2023-08-10 00:00:00
548,42,115700,760.4153263,Female,East,16,Home & Garden,86.30679963,2022-01-12 00:00:00,2023-09-30 00:00:00
551,78,101900,320.7346212,Male,South,20,Health,22.83104256,2022-02-09 00:00:00,2023-03-05 00:00:00
552,39,50100,670.5451368,Male,North,1,Toys,36.12617291,2022-05-07 00:00:00,2023-07-09 00:00:00
553,75,107500,127.8427738,Female,South,27,Home & Garden,2.19705708,2021-03-07 00:00:00,2021-06-04 00:00:00
555,39,46500,1931.115084,Male,North,12,Toys,41.58902132,2021-03-24 00:00:00,2021-11-18 00:00:00
556,66,38900,867.8042009,Male,West,30,Electronics,78.88701098,2022-04-26 00:00:00,2022-11-22 00:00:00
557,69,63800,1271.398033,Male,West,9,Home & Garden,14.26434374,2021-08-17 00:00:00,2023-04-21 00:00:00
558,59,101700,1457.700294,Male,West,37,Home & Garden,81.23550441,2021-08-13 00:00:00,2022-05-27 00:00:00
562,60,20600,640.2676236,Female,North,4,Toys,16.71971295,2022-05-27 00:00:00,2022-09-17 00:00:00
563,77,32800,1279.415472,Male,South,15,Health,47.64818288,2021-06-22 00:00:00,2023-07-05 00:00:00
565,50,89700,33.49310184,Female,South,8,Electronics,59.61929707,2022-11-02 00:00:00,2023-10-26 00:00:00
566,25,56200,1056.346226,Male,South,23,Home & Garden,86.10409345,2021-07-24 00:00:00,2022-01-17 00:00:00
568,77,111400,1627.91367,Female,North,27,Home & Garden,17.56438325,2021-11-15 00:00:00,2023-07-17 00:00:00
570,61,115700,1594.214875,Male,East,39,Clothing,89.15500494,2021-10-05 00:00:00,2023-07-11 00:00:00
571,22,45600,660.9870347,Female,East,47,Home & Garden,94.10270827,2021-05-28 00:00:00,2022-08-17 00:00:00
572,56,79100,1535.083791,Female,West,8,Clothing,56.96301043,2021-03-24 00:00:00,2022-05-08 00:00:00
573,21,38100,303.4594885,Female,North,30,Clothing,50.13719346,2022-02-23 00:00:00,2022-05-10 00:00:00
575,62,92000,1290.305762,Male,East,18,Health,61.63076498,2022-08-06 00:00:00,2023-05-23 00:00:00
576,49,33300,70.6282022,Female,North,4,Health,17.03047049,2022-07-03 00:00:00,2023-04-15 00:00:00
577,69,49100,1580.180865,Male,South,47,Toys,68.64108816,2022-01-27 00:00:00,2022-09-22 00:00:00
578,47,91000,1808.431248,Female,East,43,Toys,45.23511023,2021-05-13 00:00:00,2023-07-28 00:00:00
581,72,97000,183.1638243,Male,West,15,Electronics,76.45566325,2022-08-27 00:00:00,2023-03-18 00:00:00
582,57,61900,1207.936359,Female,East,35,Electronics,83.54279613,2021-08-30 00:00:00,2021-12-08 00:00:00
583,69,101600,981.5807934,Male,North,47,Health,61.94215539,2022-03-27 00:00:00,2023-09-28 00:00:00
584,33,26500,1100.928596,Male,East,38,Home & Garden,74.87236353,2021-07-19 00:00:00,2021-09-01 00:00:00
586,67,76000,1745.20419,Male,West,14,Electronics,61.8353379,2021-04-27 00:00:00,2022-01-08 00:00:00
587,77,38100,1574.465641,Male,East,48,Clothing,39.45716985,2021-08-07 00:00:00,2022-06-15 00:00:00
589,47,60800,1825.400885,Male,West,49,Toys,46.82709303,2021-08-31 00:00:00,2022-01-02 00:00:00
592,73,98200,669.7569433,Female,South,16,Home & Garden,70.23145184,2022-11-15 00:00:00,2023-07-23 00:00:00
593,36,78100,126.4691771,Female,West,38,Clothing,78.52158751,2022-01-23 00:00:00,2022-09-03 00:00:00
594,45,47600,1345.326829,Female,East,10,Health,51.27134816,2022-08-11 00:00:00,2023-05-08 00:00:00
595,75,108000,477.9342581,Female,North,42,Health,81.30659493,2021-07-28 00:00:00,2023-10-24 00:00:00
596,72,21100,502.2708292,Female,East,37,Health,49.72572373,2021-11-10 00:00:00,2023-06-17 00:00:00
597,43,57400,625.9733891,Male,East,26,Electronics,95.66343229,2022-09-09 00:00:00,2023-02-12 00:00:00
598,54,94700,146.0958397,Male,South,28,Clothing,75.26717486,2021-01-26 00:00:00,2022-03-21 00:00:00
600,70,20200,30.17646262,Male,South,20,Toys,82.95844714,2021-05-08 00:00:00,2023-03-17 00:00:00
602,40,96300,186.8256473,Male,West,14,Toys,98.4460958,2021-05-17 00:00:00,2021-12-24 00:00:00
603,26,58600,1371.652158,Male,East,46,Home & Garden,71.88190437,2021-11-30 00:00:00,2023-05-31 00:00:00
604,29,48800,486.5332454,Female,East,35,Clothing,8.439074657,2022-07-02 00:00:00,2023-11-27 00:00:00
605,70,75300,1888.276805,Female,North,29,Clothing,39.49604276,2022-01-23 00:00:00,2023-07-06 00:00:00
607,75,56600,593.092972,Male,East,18,Home & Garden,83.90136032,2021-08-18 00:00:00,2022-03-20 00:00:00
608,75,61900,1570.7666,Female,South,44,Electronics,72.93455343,2022-02-25 00:00:00,2023-02-18 00:00:00
609,18,110800,1610.424911,Male,South,2,Home & Garden,36.93600706,2021-05-04 00:00:00,2021-09-09 00:00:00
610,64,95400,1973.394966,Male,South,2,Clothing,65.34326875,2021-03-29 00:00:00,2023-11-21 00:00:00
611,51,118800,1203.723174,Male,South,17,Clothing,57.69109079,2021-05-21 00:00:00,2022-02-25 00:00:00
612,49,108000,182.2921546,Female,South,10,Clothing,12.6052609,2021-02-20 00:00:00,2021-03-02 00:00:00
613,79,83300,1300.737713,Female,North,18,Toys,23.4858693,2022-07-21 00:00:00,2022-08-02 00:00:00
614,71,75100,1257.459902,Male,North,22,Electronics,34.11223127,2022-02-09 00:00:00,2022-08-02 00:00:00
615,65,92000,1283.934143,Male,North,19,Home & Garden,19.54834064,2021-12-03 00:00:00,2022-10-02 00:00:00
621,33,75300,405.1793657,Female,South,31,Clothing,20.62281374,2021-02-14 00:00:00,2023-06-13 00:00:00
622,78,102400,1644.693236,Male,North,31,Electronics,47.53973719,2021-09-26 00:00:00,2021-11-27 00:00:00
623,56,44000,1359.756377,Female,South,2,Electronics,51.42419679,2021-11-07 00:00:00,2022-02-16 00:00:00
624,22,73800,1279.373738,Male,East,19,Clothing,20.82813586,2022-11-03 00:00:00,2023-07-23 00:00:00
625,39,118700,815.5504075,Male,West,12,Health,60.85703379,2021-10-05 00:00:00,2022-10-26 00:00:00
626,46,71000,1164.099384,Female,West,10,Health,72.29999596,2022-04-20 00:00:00,2023-12-25 00:00:00
627,72,49600,629.590768,Female,North,31,Toys,37.3840086,2022-07-21 00:00:00,2022-08-26 00:00:00
629,29,30500,1590.264796,Male,West,22,Health,50.23019052,2021-08-23 00:00:00,2022-10-31 00:00:00
631,33,106700,1866.328069,Female,South,23,Toys,73.00109888,2022-12-21 00:00:00,2023-12-04 00:00:00
632,68,93000,1869.054567,Male,South,15,Clothing,80.14530278,2021-05-16 00:00:00,2022-01-15 00:00:00
635,74,78900,1417.158085,Female,South,23,Toys,92.67924944,2022-01-29 00:00:00,2023-11-03 00:00:00
637,31,35300,301.1486335,Female,South,45,Home & Garden,26.58784854,2022-01-19 00:00:00,2022-06-30 00:00:00
639,22,22600,295.7087523,Female,West,39,Clothing,69.20750919,2021-07-02 00:00:00,2023-05-24 00:00:00
641,66,22700,626.4759738,Female,North,18,Electronics,35.65754993,2022-03-16 00:00:00,2023-11-27 00:00:00
642,47,106600,665.693548,Female,East,41,Toys,23.2624446,2021-03-04 00:00:00,2023-05-25 00:00:00
645,69,66800,1727.743085,Female,North,36,Clothing,18.32933636,2022-10-08 00:00:00,2023-03-27 00:00:00
646,22,91700,481.4841675,Female,East,15,Home & Garden,80.30193823,2021-02-03 00:00:00,2022-12-09 00:00:00
648,33,42100,1266.664123,Male,South,5,Clothing,79.9512504,2022-04-22 00:00:00,2022-07-06 00:00:00
649,43,28800,1729.699525,Male,North,39,Clothing,50.55411498,2021-03-28 00:00:00,2021-05-14 00:00:00
650,43,28500,281.9301363,Male,East,9,Clothing,37.73277743,2021-07-29 00:00:00,2022-04-09 00:00:00
651,65,43400,1955.628121,Male,West,7,Electronics,69.67410002,2022-04-07 00:00:00,2023-05-14 00:00:00
652,38,81800,1173.604719,Male,West,41,Electronics,90.06272946,2021-03-22 00:00:00,2022-04-01 00:00:00
653,56,89800,1991.038822,Female,South,20,Electronics,32.02517304,2021-11-18 00:00:00,2023-12-21 00:00:00
654,53,54600,1824.799157,Female,South,10,Health,46.0748135,2022-02-19 00:00:00,2023-10-26 00:00:00
655,50,74000,458.6041988,Female,South,26,Home & Garden,22.94006267,2021-07-09 00:00:00,2023-11-27 00:00:00
656,79,38400,131.2007796,Male,South,4,Electronics,18.34094636,2021-08-21 00:00:00,2022-04-05 00:00:00
658,54,73400,1064.576025,Female,North,24,Home & Garden,20.06641167,2021-06-18 00:00:00,2022-09-10 00:00:00
659,40,35300,359.7608068,Male,South,14,Electronics,79.33181713,2022-03-19 00:00:00,2022-11-11 00:00:00
660,75,104900,351.5702941,Female,South,41,Clothing,42.92170518,2021-06-17 00:00:00,2023-08-19 00:00:00
661,27,41800,935.9352233,Male,East,1,Toys,99.50487234,2021-08-19 00:00:00,2022-08-22 00:00:00
662,71,44300,85.87058292,Female,South,17,Electronics,19.73414182,2021-05-30 00:00:00,2022-08-19 00:00:00
667,48,48400,958.5324066,Female,East,9,Health,0.312434965,2021-10-02 00:00:00,2022-09-10 00:00:00
668,27,92800,913.5078959,Male,North,43,Clothing,87.47713625,2022-09-09 00:00:00,2023-02-04 00:00:00
672,49,99300,833.2043059,Male,South,3,Clothing,37.27527201,2021-05-30 00:00:00,2022-02-11 00:00:00
673,18,114900,1638.894289,Female,South,15,Clothing,74.49262252,2021-05-22 00:00:00,2023-12-11 00:00:00
674,73,98700,1792.212076,Female,South,21,Home & Garden,48.93531254,2021-04-26 00:00:00,2021-06-24 00:00:00
675,22,72200,1709.420089,Female,West,10,Health,15.38265767,2021-03-06 00:00:00,2022-04-25 00:00:00
678,33,70100,568.2025396,Female,South,6,Electronics,15.10131174,2022-12-07 00:00:00,2023-03-21 00:00:00
679,41,54300,111.2048661,Male,West,2,Clothing,72.60807567,2022-03-06 00:00:00,2023-06-12 00:00:00
680,33,99700,1863.031668,Female,South,29,Health,47.80183067,2021-06-10 00:00:00,2023-06-20 00:00:00
681,72,71900,1328.381089,Female,West,40,Health,74.86016596,2021-11-02 00:00:00,2023-07-08 00:00:00
683,66,63500,636.9120444,Male,North,4,Clothing,43.91671906,2021-10-05 00:00:00,2022-01-20 00:00:00
684,45,69500,1694.393974,Male,South,4,Toys,35.39108247,2021-10-23 00:00:00,2022-09-18 00:00:00
685,49,69500,534.0145017,Female,South,29,Home & Garden,75.43592544,2022-07-05 00:00:00,2023-12-14 00:00:00
686,44,79800,23.25463908,Female,West,37,Clothing,32.31412063,2021-06-18 00:00:00,2022-10-05 00:00:00
687,37,26900,765.3016258,Male,South,20,Home & Garden,78.77714801,2022-04-04 00:00:00,2022-12-05 00:00:00
689,29,84400,967.8356188,Male,South,23,Clothing,57.76691702,2021-01-07 00:00:00,2023-04-22 00:00:00
692,77,31300,1116.570412,Female,North,49,Clothing,71.04198012,2021-05-12 00:00:00,2023-01-08 00:00:00
694,50,112500,577.1581047,Male,South,1,Health,97.05422562,2021-12-13 00:00:00,2023-07-21 00:00:00
697,60,52800,1471.061191,Male,North,48,Electronics,10.3935323,2021-09-10 00:00:00,2023-09-25 00:00:00
700,20,34900,479.0457576,Female,West,27,Toys,40.03108992,2021-12-21 00:00:00,2022-12-22 00:00:00
702,50,109800,629.2515705,Female,North,5,Clothing,70.3585059,2022-07-18 00:00:00,2022-11-09 00:00:00
703,57,74900,499.5058077,Female,West,34,Toys,17.87312366,2022-01-03 00:00:00,2023-07-04 00:00:00
704,27,83100,164.5471139,Male,North,39,Home & Garden,36.33234836,2022-08-07 00:00:00,2022-12-24 00:00:00
705,60,91000,1493.176589,Female,West,3,Home & Garden,29.13074463,2022-05-26 00:00:00,2023-10-01 00:00:00
707,46,43600,484.3089658,Male,West,24,Toys,16.27528862,2022-06-12 00:00:00,2023-06-29 00:00:00
709,29,94900,1837.324949,Female,South,3,Toys,85.75465899,2022-02-06 00:00:00,2023-12-24 00:00:00
710,48,117200,233.8973358,Female,South,45,Electronics,51.41705467,2021-06-24 00:00:00,2021-08-01 00:00:00
711,63,71700,480.620544,Female,East,7,Electronics,68.34966171,2021-03-19 00:00:00,2021-04-29 00:00:00
712,19,29900,1505.516372,Female,North,25,Electronics,7.524801768,2022-03-16 00:00:00,2023-05-06 00:00:00
713,78,79700,563.5232135,Female,North,3,Electronics,44.90055792,2022-07-03 00:00:00,2023-01-31 00:00:00
714,68,74400,1256.834669,Female,North,15,Clothing,9.489316744,2021-08-20 00:00:00,2022-11-10 00:00:00
715,67,86400,180.7051644,Female,East,29,Home & Garden,59.94616758,2022-02-04 00:00:00,2023-06-14 00:00:00
716,52,85100,915.3609086,Male,South,29,Electronics,28.10543712,2021-08-01 00:00:00,2021-10-07 00:00:00
717,40,49200,1483.401016,Male,West,10,Home & Garden,28.7265831,2021-07-12 00:00:00,2022-02-28 00:00:00
719,43,87100,1633.842759,Female,West,23,Home & Garden,31.02378614,2022-12-02 00:00:00,2023-10-18 00:00:00
720,25,116000,1757.355211,Female,South,39,Toys,50.66771771,2021-09-24 00:00:00,2021-11-10 00:00:00
721,46,69900,1550.903332,Female,East,9,Toys,58.46601032,2021-05-06 00:00:00,2023-02-09 00:00:00
722,43,70500,1349.743731,Male,South,37,Home & Garden,6.666555128,2022-12-16 00:00:00,2023-12-23 00:00:00
724,43,78700,1079.234013,Male,North,14,Clothing,48.88757608,2022-06-28 00:00:00,2023-11-27 00:00:00
725,79,64900,94.64149533,Female,North,4,Home & Garden,53.69080079,2022-05-17 00:00:00,2023-11-06 00:00:00
727,68,27900,655.0345584,Male,North,28,Clothing,34.22264453,2021-09-18 00:00:00,2021-12-12 00:00:00
729,24,92700,573.3017085,Male,East,44,Home & Garden,55.18101757,2022-02-16 00:00:00,2023-09-17 00:00:00
730,21,87600,1569.350286,Female,East,34,Electronics,94.50219175,2021-12-12 00:00:00,2022-07-30 00:00:00
731,75,27400,1775.275003,Male,East,13,Health,51.78696192,2021-04-04 00:00:00,2022-02-20 00:00:00
732,70,105500,809.3121385,Female,North,31,Home & Garden,83.19121741,2021-11-24 00:00:00,2023-06-24 00:00:00
733,67,116200,1728.586339,Female,South,33,Clothing,75.70320545,2021-04-10 00:00:00,2021-09-24 00:00:00
734,62,66500,548.8085148,Female,North,39,Electronics,51.8330787,2022-04-06 00:00:00,2023-09-24 00:00:00
735,28,111200,1078.628628,Female,North,28,Health,64.75547777,2021-11-11 00:00:00,2023-01-14 00:00:00
736,46,29200,1720.347631,Female,South,25,Home & Garden,40.66801841,2021-01-25 00:00:00,2023-06-30 00:00:00
738,53,69900,1909.003685,Female,South,9,Electronics,50.72857553,2021-12-19 00:00:00,2022-07-14 00:00:00
740,38,109400,56.18463805,Female,North,31,Electronics,40.99813194,2021-07-18 00:00:00,2021-09-04 00:00:00
741,78,118700,1810.187998,Female,West,17,Home & Garden,9.976712262,2021-10-06 00:00:00,2022-08-03 00:00:00
743,53,119800,1983.940608,Female,West,13,Toys,68.48530033,2021-03-20 00:00:00,2022-07-30 00:00:00
745,54,26600,291.3014019,Female,South,16,Home & Garden,42.87161758,2021-12-20 00:00:00,2022-12-16 00:00:00
746,26,91900,1084.417559,Female,East,6,Home & Garden,7.820565691,2022-06-10 00:00:00,2023-09-11 00:00:00
747,41,84100,386.142189,Male,East,48,Health,12.16189864,2022-06-25 00:00:00,2022-12-27 00:00:00
750,52,108700,463.3706838,Female,North,28,Home & Garden,90.78261449,2021-01-10 00:00:00,2022-12-15 00:00:00
751,65,102400,739.2801369,Male,North,41,Health,28.16501113,2022-07-13 00:00:00,2023-07-13 00:00:00
754,66,110000,1619.573978,Male,East,42,Clothing,87.12010363,2022-06-08 00:00:00,2023-09-10 00:00:00
756,49,82000,1083.341803,Male,South,17,Home & Garden,59.56934958,2021-01-06 00:00:00,2021-01-22 00:00:00
757,41,98100,1683.195566,Male,West,7,Toys,9.358913207,2021-02-04 00:00:00,2023-11-19 00:00:00
758,40,48900,691.8592146,Female,South,28,Home & Garden,20.22807675,2021-06-24 00:00:00,2022-11-26 00:00:00
760,49,37900,1987.692271,Female,East,13,Health,74.08125915,2022-07-31 00:00:00,2023-06-29 00:00:00
761,54,63400,642.9652397,Male,West,17,Electronics,2.471437939,2021-05-27 00:00:00,2022-06-14 00:00:00
763,66,119100,1691.743431,Male,West,36,Health,7.080351371,2021-07-12 00:00:00,2021-12-09 00:00:00
764,72,107500,1833.299015,Male,East,28,Health,37.64901953,2021-01-13 00:00:00,2022-08-02 00:00:00
765,30,50800,1441.506728,Male,West,15,Toys,8.108962833,2022-06-14 00:00:00,2023-03-01 00:00:00
766,40,28800,581.5436884,Female,North,46,Electronics,76.89678431,2021-09-03 00:00:00,2023-04-25 00:00:00
768,52,66600,61.10090361,Female,East,31,Clothing,88.47569103,2021-04-24 00:00:00,2023-06-09 00:00:00
769,58,20200,1526.554236,Male,South,4,Home & Garden,53.02219866,2021-08-21 00:00:00,2022-10-31 00:00:00
772,66,82900,254.9480167,Male,East,27,Home & Garden,45.43161519,2022-06-22 00:00:00,2023-06-06 00:00:00
775,65,62100,1481.003222,Female,North,45,Health,42.13570877,2022-05-26 00:00:00,2023-07-02 00:00:00
776,42,106000,295.2243663,Male,East,20,Clothing,89.24325383,2022-04-29 00:00:00,2023-05-26 00:00:00
777,39,60200,891.3407286,Male,South,29,Toys,11.79872083,2021-10-08 00:00:00,2023-05-08 00:00:00
781,66,26800,1676.113428,Male,West,48,Toys,38.66645568,2022-01-27 00:00:00,2023-08-17 00:00:00
782,53,106800,1014.881987,Male,South,43,Clothing,88.02156245,2022-06-07 00:00:00,2023-04-03 00:00:00
784,78,24400,1609.902977,Male,West,41,Electronics,39.27998571,2021-08-04 00:00:00,2022-06-16 00:00:00
785,58,60600,1961.971735,Male,West,12,Home & Garden,88.64163878,2022-06-26 00:00:00,2023-02-12 00:00:00
789,24,95900,1905.983244,Male,South,14,Electronics,55.7311972,2022-05-15 00:00:00,2023-11-22 00:00:00
791,31,88400,901.9968009,Male,East,21,Home & Garden,26.86179571,2022-03-16 00:00:00,2022-10-19 00:00:00
792,48,115100,1192.598371,Female,South,1,Clothing,56.68143259,2021-10-18 00:00:00,2022-09-05 00:00:00
793,69,115700,1407.852023,Female,South,49,Clothing,80.71637664,2021-02-08 00:00:00,2021-09-12 00:00:00
794,36,93900,404.6616706,Male,North,43,Electronics,56.08936438,2021-01-24 00:00:00,2023-08-31 00:00:00
795,75,25500,905.4580438,Male,East,15,Toys,93.61915411,2021-02-12 00:00:00,2023-12-16 00:00:00
796,64,103400,1663.046104,Male,West,36,Health,81.03325076,2021-06-19 00:00:00,2022-10-11 00:00:00
798,70,83400,834.1840531,Male,North,22,Clothing,38.89584856,2021-06-18 00:00:00,2021-07-11 00:00:00
799,22,116100,1333.457817,Female,North,32,Health,66.84854273,2022-06-22 00:00:00,2023-09-30 00:00:00
801,29,26800,814.9652689,Female,North,33,Health,98.77158687,2022-04-17 00:00:00,2022-09-27 00:00:00
803,69,74300,456.6073985,Male,North,39,Clothing,57.37693056,2022-10-07 00:00:00,2023-08-06 00:00:00
804,76,63100,388.203785,Male,East,23,Home & Garden,75.66096897,2021-05-23 00:00:00,2022-12-29 00:00:00
805,38,37800,1902.620947,Male,North,43,Clothing,27.32364195,2022-11-07 00:00:00,2023-11-04 00:00:00
806,53,78600,435.5973066,Male,West,2,Electronics,28.36030273,2021-04-11 00:00:00,2023-11-27 00:00:00
807,70,37600,536.6187877,Male,West,2,Home & Garden,65.43493462,2022-07-29 00:00:00,2023-11-17 00:00:00
810,74,116100,1405.201135,Female,South,46,Electronics,34.13346008,2022-04-20 00:00:00,2023-02-04 00:00:00
813,70,37100,1417.793348,Female,West,7,Toys,62.3173243,2021-03-01 00:00:00,2022-07-25 00:00:00
814,59,32700,1017.303446,Male,South,36,Electronics,34.75918822,2021-01-29 00:00:00,2021-05-29 00:00:00
816,56,25500,1026.120603,Male,South,37,Electronics,58.44489043,2021-03-14 00:00:00,2022-10-06 00:00:00
818,48,112600,965.9294103,Female,West,36,Toys,61.92602138,2022-01-29 00:00:00,2023-02-13 00:00:00
819,75,108300,966.7546686,Female,East,23,Electronics,84.70581909,2022-04-26 00:00:00,2022-06-12 00:00:00
823,46,24700,911.559318,Male,South,31,Home & Garden,28.33277386,2021-11-20 00:00:00,2022-11-15 00:00:00
824,60,53700,1071.596803,Female,North,34,Clothing,97.81531221,2021-03-28 00:00:00,2023-06-27 00:00:00
825,28,79200,1496.520979,Female,North,1,Electronics,26.31502596,2021-12-25 00:00:00,2022-08-06 00:00:00
827,64,64700,1399.191576,Male,West,40,Health,87.73650457,2021-07-16 00:00:00,2022-04-01 00:00:00
828,29,69400,1849.664518,Male,East,43,Clothing,8.006366266,2022-01-20 00:00:00,2022-10-05 00:00:00
829,26,88700,1644.241695,Male,East,15,Health,82.06880021,2021-04-28 00:00:00,2022-07-15 00:00:00
830,27,42100,1132.490304,Female,North,48,Health,57.1008369,2022-05-13 00:00:00,2022-06-17 00:00:00
833,34,100700,1245.952728,Female,North,44,Clothing,3.919683546,2022-08-17 00:00:00,2022-11-30 00:00:00
836,24,41400,1112.833995,Male,North,6,Electronics,7.120009847,2022-02-21 00:00:00,2023-01-24 00:00:00
837,63,103300,498.8396269,Female,West,8,Clothing,88.72043143,2022-04-12 00:00:00,2023-11-06 00:00:00
839,57,72800,1936.130793,Female,North,34,Home & Garden,19.69411732,2021-12-31 00:00:00,2023-04-08 00:00:00
840,59,72800,1322.375459,Female,West,32,Electronics,62.04679732,2021-06-02 00:00:00,2021-06-22 00:00:00
841,26,81500,1137.502853,Female,South,42,Toys,79.46795684,2021-09-29 00:00:00,2023-07-25 00:00:00
842,67,64200,1867.254119,Male,North,4,Electronics,88.95906414,2022-01-27 00:00:00,2022-12-08 00:00:00
843,44,81100,1181.293326,Male,East,44,Clothing,46.83069268,2022-07-01 00:00:00,2023-09-03 00:00:00
844,75,28300,1061.643386,Male,East,39,Health,89.74998774,2022-12-26 00:00:00,2023-02-22 00:00:00
846,22,98300,1431.077926,Female,North,24,Health,68.82280422,2022-03-06 00:00:00,2022-10-25 00:00:00
848,54,75300,953.1903837,Female,North,26,Clothing,23.59517892,2021-07-08 00:00:00,2023-01-30 00:00:00
850,36,88900,768.8845402,Male,South,36,Electronics,34.2018825,2022-01-30 00:00:00,2022-12-18 00:00:00
852,65,84100,837.9526475,Male,North,10,Health,28.41628057,2021-08-07 00:00:00,2022-11-08 00:00:00
854,18,119300,836.4856448,Male,West,12,Health,47.75240359,2021-07-09 00:00:00,2021-08-01 00:00:00
855,39,23400,163.1083562,Male,South,1,Clothing,37.50412945,2021-08-22 00:00:00,2023-02-05 00:00:00
857,34,57400,1710.236007,Male,West,16,Electronics,19.45299749,2021-08-20 00:00:00,2022-03-11 00:00:00
858,24,98700,1456.068427,Female,South,5,Home & Garden,44.74114543,2021-12-24 00:00:00,2023-04-22 00:00:00
859,42,99200,733.5801993,Female,East,19,Home & Garden,62.46355587,2022-04-23 00:00:00,2022-10-07 00:00:00
862,53,86300,1100.070874,Female,South,26,Electronics,44.32811764,2021-08-25 00:00:00,2022-01-12 00:00:00
863,23,23800,429.9730251,Female,East,49,Health,94.79609168,2021-02-02 00:00:00,2021-08-13 00:00:00
864,77,42200,1097.06676,Male,East,39,Health,13.46589266,2021-08-01 00:00:00,2023-11-07 00:00:00
866,36,43400,1700.869262,Male,North,9,Electronics,61.76380505,2022-01-14 00:00:00,2022-04-18 00:00:00
867,78,66800,806.5975162,Male,West,45,Home & Garden,82.00641195,2021-01-02 00:00:00,2022-04-20 00:00:00
872,27,45000,1149.410793,Female,North,37,Clothing,87.75817725,2021-10-06 00:00:00,2022-12-20 00:00:00
873,43,37000,1171.497125,Female,East,20,Home & Garden,71.45834712,2021-08-02 00:00:00,2022-02-04 00:00:00
874,36,118000,1435.097437,Female,South,8,Electronics,52.42366566,2021-10-12 00:00:00,2022-08-13 00:00:00
877,20,119300,579.0884797,Male,West,21,Clothing,48.05782527,2021-10-01 00:00:00,2023-08-17 00:00:00
878,62,99000,180.2883975,Male,South,41,Toys,62.07082263,2021-01-11 00:00:00,2021-04-29 00:00:00
879,30,115400,1755.695377,Female,East,19,Toys,7.922653788,2021-02-16 00:00:00,2023-04-16 00:00:00
880,67,36800,1463.162213,Female,East,29,Electronics,49.73513231,2022-05-30 00:00:00,2023-04-22 00:00:00
881,45,64500,616.8968577,Male,North,31,Clothing,69.8157644,2022-10-04 00:00:00,2023-05-17 00:00:00
882,79,44400,1206.758526,Male,South,6,Toys,58.40719099,2022-03-14 00:00:00,2023-08-03 00:00:00
884,37,34400,1782.668511,Male,North,43,Home & Garden,22.34273167,2022-11-02 00:00:00,2023-06-02 00:00:00
885,45,81400,247.5145599,Male,East,29,Health,30.96702001,2022-03-03 00:00:00,2022-07-20 00:00:00
888,58,106200,1174.59309,Male,North,1,Toys,62.17266153,2021-01-22 00:00:00,2022-01-03 00:00:00
889,56,71700,1166.351334,Female,East,44,Home & Garden,58.97376126,2022-01-24 00:00:00,2022-09-22 00:00:00
890,18,54700,127.9336163,Male,South,15,Home & Garden,97.04174794,2021-05-15 00:00:00,2021-05-28 00:00:00
892,30,94700,1008.413915,Female,North,21,Toys,10.81226073,2021-08-08 00:00:00,2023-03-27 00:00:00
896,77,84200,985.0211945,Female,West,17,Clothing,82.58554209,2022-08-25 00:00:00,2023-06-20 00:00:00
898,42,37200,538.2671783,Female,West,39,Electronics,34.66437466,2021-10-25 00:00:00,2022-12-24 00:00:00
899,73,39600,1255.996659,Female,East,3,Health,31.88537706,2022-05-19 00:00:00,2023-12-21 00:00:00
900,50,80100,1662.182597,Male,East,30,Home & Garden,86.14071816,2022-11-16 00:00:00,2023-08-31 00:00:00
901,55,82100,396.8672107,Female,North,35,Clothing,19.67328664,2021-12-23 00:00:00,2023-08-09 00:00:00
902,70,97400,1836.096772,Male,West,29,Home & Garden,16.04177054,2022-03-31 00:00:00,2022-06-20 00:00:00
905,61,53200,873.0993853,Male,East,28,Electronics,81.09308556,2022-12-10 00:00:00,2023-08-01 00:00:00
907,49,113600,1455.720097,Female,West,26,Electronics,17.34619981,2021-02-03 00:00:00,2021-02-22 00:00:00
908,62,92000,1596.675314,Male,West,7,Health,20.91941676,2021-09-05 00:00:00,2022-10-13 00:00:00
909,78,42800,1669.216037,Female,West,39,Health,61.91837785,2021-02-11 00:00:00,2021-09-28 00:00:00
910,64,99000,1971.821134,Male,East,31,Home & Garden,24.60352262,2021-05-03 00:00:00,2021-07-20 00:00:00
911,38,48700,1586.742899,Male,East,5,Health,87.72802314,2021-01-27 00:00:00,2022-01-31 00:00:00
915,28,68500,101.3149821,Male,West,36,Health,84.56431204,2022-05-11 00:00:00,2023-07-12 00:00:00
918,53,51800,59.64599487,Female,North,40,Health,33.62965413,2022-04-05 00:00:00,2022-07-15 00:00:00
920,36,95000,787.1835984,Male,South,45,Clothing,56.19752393,2021-05-08 00:00:00,2021-07-24 00:00:00
921,37,57500,1175.174608,Female,West,22,Electronics,53.78282791,2022-01-11 00:00:00,2023-08-26 00:00:00
923,35,94900,1246.024548,Male,South,15,Toys,34.75338627,2021-03-24 00:00:00,2023-10-01 00:00:00
924,64,93000,970.9826324,Female,South,49,Clothing,0.589694004,2022-06-19 00:00:00,2023-10-16 00:00:00
925,58,70600,1330.173614,Male,South,5,Home & Garden,3.503165294,2022-06-07 00:00:00,2022-10-02 00:00:00
926,66,58400,453.869608,Male,North,4,Home & Garden,66.38264614,2022-11-30 00:00:00,2023-09-21 00:00:00
927,31,27500,243.4295106,Female,North,11,Home & Garden,52.32580482,2022-09-20 00:00:00,2022-12-02 00:00:00
928,32,30600,1200.93923,Male,South,18,Clothing,82.10112597,2022-11-05 00:00:00,2022-12-14 00:00:00
929,48,99300,979.6852435,Male,West,42,Clothing,30.04098588,2021-04-13 00:00:00,2022-09-29 00:00:00
930,18,37600,73.19795501,Male,West,49,Electronics,81.54722372,2022-06-03 00:00:00,2023-03-15 00:00:00
932,71,110500,230.1286593,Male,North,15,Electronics,9.669838555,2022-11-15 00:00:00,2023-05-28 00:00:00
933,71,56800,1072.086527,Male,South,6,Toys,97.79115626,2021-09-13 00:00:00,2023-05-07 00:00:00
934,20,95800,803.6398057,Male,North,16,Home & Garden,51.19359291,2021-09-04 00:00:00,2021-10-01 00:00:00
935,33,81100,1234.040784,Male,South,47,Clothing,62.9478514,2021-07-11 00:00:00,2022-06-15 00:00:00
937,74,56100,613.343994,Male,East,9,Health,36.24122522,2022-06-19 00:00:00,2022-12-19 00:00:00
941,49,104200,1367.731299,Male,North,13,Electronics,65.70008866,2022-03-20 00:00:00,2022-07-09 00:00:00
943,25,72400,1031.722071,Male,West,27,Electronics,19.01258977,2021-07-14 00:00:00,2023-06-01 00:00:00
944,55,59800,868.9532964,Male,South,9,Home & Garden,33.25960844,2021-09-15 00:00:00,2022-08-01 00:00:00
945,29,74400,126.4882891,Male,North,5,Clothing,10.87958464,2022-08-05 00:00:00,2022-09-23 00:00:00
946,41,88700,63.7299737,Female,North,22,Clothing,60.22084642,2021-12-26 00:00:00,2023-04-01 00:00:00
947,45,102300,728.7631652,Female,South,31,Health,80.09376958,2022-07-02 00:00:00,2022-08-07 00:00:00
948,70,35500,680.6485635,Female,South,3,Health,61.08386566,2021-04-18 00:00:00,2023-04-26 00:00:00
949,25,84100,787.6364066,Female,West,30,Health,17.9783831,2021-01-24 00:00:00,2023-04-22 00:00:00
951,45,95800,1481.573176,Male,West,35,Home & Garden,83.49341485,2022-04-10 00:00:00,2022-12-31 00:00:00
952,53,86700,1716.789541,Male,South,6,Toys,30.27247961,2021-01-22 00:00:00,2021-09-11 00:00:00
953,43,103600,1878.654978,Male,North,28,Clothing,83.26515023,2022-05-17 00:00:00,2022-07-25 00:00:00
955,75,65800,1407.714084,Male,West,42,Clothing,2.174080784,2022-05-16 00:00:00,2023-05-01 00:00:00
957,67,60700,848.2164,Female,West,25,Home & Garden,54.29424058,2022-02-11 00:00:00,2023-09-02 00:00:00
960,54,88900,1041.039571,Male,South,22,Clothing,64.10423183,2021-10-13 00:00:00,2023-09-06 00:00:00
962,53,111800,373.2638712,Female,West,39,Health,18.46272067,2022-01-19 00:00:00,2023-05-21 00:00:00
963,44,41400,234.1469289,Male,West,30,Electronics,76.00358555,2021-01-11 00:00:00,2021-09-14 00:00:00
967,50,91500,399.6377104,Female,East,40,Electronics,9.105385031,2021-10-30 00:00:00,2022-07-10 00:00:00
968,70,60400,1119.884615,Male,West,33,Electronics,25.11002237,2021-07-23 00:00:00,2022-12-25 00:00:00
969,37,37300,1176.160193,Female,West,25,Electronics,28.49298055,2021-12-11 00:00:00,2022-10-15 00:00:00
971,45,64100,1705.783381,Male,North,24,Health,16.08833677,2021-01-22 00:00:00,2021-03-26 00:00:00
974,30,67500,1367.161139,Female,South,46,Clothing,49.09317308,2021-04-06 00:00:00,2021-10-11 00:00:00
975,63,31200,562.7583204,Male,West,13,Health,43.46945143,2022-03-21 00:00:00,2023-12-02 00:00:00
976,52,28800,1658.796886,Male,East,10,Electronics,56.6601347,2021-09-20 00:00:00,2023-09-30 00:00:00
978,23,99300,1582.265232,Female,North,18,Clothing,99.00863746,2022-01-18 00:00:00,2022-09-06 00:00:00
979,35,21000,255.830941,Male,North,32,Health,55.75243762,2022-07-04 00:00:00,2022-10-11 00:00:00
981,22,111600,587.2180007,Female,East,36,Electronics,58.99776047,2022-08-24 00:00:00,2023-09-25 00:00:00
983,42,37500,1501.071832,Male,East,16,Electronics,2.403769667,2021-04-02 00:00:00,2023-07-27 00:00:00
985,27,25800,1414.583926,Male,South,18,Toys,1.056687207,2021-06-08 00:00:00,2023-07-10 00:00:00
988,67,27100,626.4104163,Male,West,16,Electronics,23.7604497,2022-01-07 00:00:00,2022-01-31 00:00:00
991,22,118800,401.883726,Female,North,1,Health,6.635117199,2021-02-06 00:00:00,2021-09-06 00:00:00
993,73,90200,1073.801292,Female,East,38,Electronics,82.26562837,2022-11-22 00:00:00,2022-12-02 00:00:00
994,50,109900,1646.850308,Male,South,28,Electronics,83.67375699,2021-02-06 00:00:00,2022-01-29 00:00:00
995,71,27600,220.7320881,Female,West,45,Health,72.67000842,2021-04-11 00:00:00,2022-10-14 00:00:00
996,18,67100,1587.944821,Female,South,17,Health,35.27450125,2022-06-27 00:00:00,2023-10-15 00:00:00
997,35,57300,1626.912569,Male,South,1,Electronics,82.12544499,2021-07-09 00:00:00,2022-02-10 00:00:00
998,49,92200,974.9025202,Male,East,32,Electronics,53.97745202,2022-05-27 00:00:00,2023-09-27 00:00:00
1000,66,97400,365.6879055,Male,North,40,Clothing,43.72767691,2021-03-31 00:00:00,2021-06-04 00:00:00
1001,28,46500,1420.704025,Female,North,43,Clothing,6.576776983,2021-01-06 00:00:00,2023-05-17 00:00:00
1002,38,38700,1429.320331,Female,East,46,Toys,94.49086867,2021-05-19 00:00:00,2022-07-13 00:00:00
1003,43,99700,1798.743445,Male,West,24,Health,61.91164174,2021-04-05 00:00:00,2021-07-13 00:00:00
1006,76,104100,260.4015129,Male,West,39,Health,66.77499845,2022-01-21 00:00:00,2023-09-07 00:00:00
1007,44,42100,1447.842068,Female,South,39,Home & Garden,1.72609855,2021-05-03 00:00:00,2023-10-31 00:00:00
1008,66,91900,383.8936369,Female,East,10,Clothing,52.53712798,2021-10-12 00:00:00,2022-04-17 00:00:00
1010,50,28100,984.6797737,Male,West,25,Electronics,4.451885141,2022-11-22 00:00:00,2023-03-13 00:00:00
1011,51,51800,69.0344576,Female,East,10,Electronics,95.61656839,2022-05-05 00:00:00,2022-07-07 00:00:00
1012,58,47800,512.6616735,Female,West,19,Health,42.4159683,2021-11-21 00:00:00,2022-12-31 00:00:00
1013,52,43200,827.6214248,Female,South,46,Toys,28.98954921,2022-02-11 00:00:00,2022-05-28 00:00:00
1014,18,50500,573.6799106,Male,West,45,Clothing,53.18213616,2022-06-03 00:00:00,2023-10-10 00:00:00
1016,65,91700,1461.46427,Female,South,16,Clothing,47.47550618,2021-03-18 00:00:00,2023-04-30 00:00:00
1017,72,26400,1630.032357,Female,South,2,Electronics,64.51056766,2021-08-22 00:00:00,2023-03-05 00:00:00
1020,34,81600,783.3960575,Female,West,29,Electronics,13.80309152,2022-04-09 00:00:00,2022-05-19 00:00:00
1021,22,40600,1023.237866,Male,North,31,Home & Garden,3.866338618,2021-09-28 00:00:00,2022-12-12 00:00:00
1026,70,56600,158.0444632,Male,East,15,Electronics,45.58894241,2022-12-20 00:00:00,2023-07-10 00:00:00
1027,40,62300,1788.941364,Male,North,44,Home & Garden,3.881198103,2021-09-27 00:00:00,2022-04-22 00:00:00
1028,54,47800,787.9118538,Female,West,31,Clothing,3.486590632,2022-08-28 00:00:00,2022-12-23 00:00:00
1030,54,35900,1454.898583,Female,North,41,Toys,35.30811574,2021-06-26 00:00:00,2021-12-31 00:00:00
1032,27,22000,1727.729451,Male,South,45,Health,49.39872654,2022-11-22 00:00:00,2023-01-04 00:00:00
1033,36,96500,645.6743394,Female,East,26,Health,36.06696643,2022-10-03 00:00:00,2023-05-26 00:00:00
1034,34,28600,1707.380535,Male,East,38,Toys,55.54413024,2022-09-29 00:00:00,2023-09-21 00:00:00
1035,38,106900,101.0492099,Male,West,36,Health,72.08252281,2021-01-27 00:00:00,2022-10-23 00:00:00
1037,26,96200,1254.568006,Male,West,3,Electronics,15.70836476,2021-03-01 00:00:00,2021-11-09 00:00:00
1041,62,76900,687.7884542,Female,East,41,Clothing,75.08303637,2021-09-27 00:00:00,2022-12-04 00:00:00
1042,30,90400,375.6075673,Female,East,27,Toys,22.28068424,2021-04-26 00:00:00,2022-10-08 00:00:00
1043,21,20400,577.0742313,Male,West,1,Home & Garden,99.42996338,2021-09-02 00:00:00,2023-01-27 00:00:00
1044,79,64000,925.9991579,Female,South,17,Home & Garden,16.78315214,2022-10-22 00:00:00,2023-04-22 00:00:00
1045,18,102400,961.2639936,Male,North,48,Toys,78.87717156,2022-08-27 00:00:00,2023-05-29 00:00:00
1046,66,82500,1570.340458,Male,East,34,Health,70.50444718,2021-03-26 00:00:00,2022-05-31 00:00:00
1050,45,20400,246.1895344,Female,East,34,Clothing,85.23740975,2022-06-20 00:00:00,2023-01-19 00:00:00
1051,48,95300,525.5996335,Male,West,40,Health,38.61869441,2021-03-30 00:00:00,2023-03-30 00:00:00
1052,25,105400,1659.393398,Female,East,25,Clothing,6.117988092,2022-07-03 00:00:00,2023-09-29 00:00:00
1053,56,120000,768.4281965,Female,East,2,Toys,37.44191769,2022-05-22 00:00:00,2023-05-17 00:00:00
1054,43,50700,1962.739486,Male,East,34,Toys,20.73126732,2022-02-12 00:00:00,2022-08-31 00:00:00
1055,75,45900,943.1814974,Female,South,26,Clothing,93.92070171,2021-09-28 00:00:00,2023-06-29 00:00:00
1057,71,75800,816.5679419,Male,South,9,Toys,5.083266421,2022-05-09 00:00:00,2023-11-03 00:00:00
1061,67,46800,1104.08541,Male,West,29,Clothing,90.62964019,2021-12-16 00:00:00,2022-02-20 00:00:00
1062,29,33300,1888.680661,Female,East,25,Home & Garden,11.22796058,2021-11-24 00:00:00,2023-11-02 00:00:00
1063,18,84000,516.7628267,Female,West,38,Home & Garden,44.0290046,2021-10-13 00:00:00,2023-08-06 00:00:00
1064,71,59500,219.1142095,Female,North,44,Health,93.18832818,2021-02-04 00:00:00,2023-01-22 00:00:00
1065,61,75600,798.6577405,Female,North,25,Toys,14.52116867,2022-06-17 00:00:00,2023-08-08 00:00:00
1068,47,77200,705.4698356,Female,South,44,Health,3.00583122,2022-05-02 00:00:00,2022-11-21 00:00:00
1070,74,66900,713.3933884,Female,North,37,Electronics,95.27928271,2022-06-08 00:00:00,2022-08-11 00:00:00
1071,34,64700,1242.094774,Male,North,16,Home & Garden,57.1092609,2021-05-26 00:00:00,2023-12-06 00:00:00
1076,54,21400,1739.742916,Female,West,20,Health,22.77604031,2021-09-29 00:00:00,2023-10-01 00:00:00
1077,38,100400,1137.986919,Female,North,9,Clothing,10.18373416,2022-06-18 00:00:00,2023-05-11 00:00:00
1078,31,110800,1042.922632,Male,East,23,Electronics,72.89330117,2022-09-22 00:00:00,2023-04-25 00:00:00
1079,19,55500,583.508757,Female,West,39,Home & Garden,18.05650167,2021-04-05 00:00:00,2023-09-22 00:00:00
1082,56,59000,1376.645536,Male,North,19,Toys,3.957096181,2021-09-14 00:00:00,2021-12-17 00:00:00
1085,51,46500,545.1129033,Male,West,43,Electronics,15.26968104,2022-03-12 00:00:00,2023-09-06 00:00:00
1088,51,39600,849.8896254,Male,South,21,Health,35.65657573,2021-01-19 00:00:00,2021-02-26 00:00:00
1092,44,75700,345.9065619,Female,South,7,Electronics,96.29802481,2021-06-09 00:00:00,2021-10-10 00:00:00
1093,68,46100,146.4819395,Female,West,22,Clothing,39.07290562,2021-04-10 00:00:00,2023-03-17 00:00:00
1095,69,27700,456.2318153,Male,West,23,Health,66.57724211,2021-02-18 00:00:00,2021-08-06 00:00:00
1096,74,111100,1040.304272,Male,North,15,Toys,80.94785841,2022-11-08 00:00:00,2023-01-15 00:00:00
1097,55,21300,222.6868275,Female,West,30,Home & Garden,62.62149909,2022-02-19 00:00:00,2022-11-11 00:00:00
1098,50,66100,1508.50616,Female,North,34,Toys,69.86102221,2021-02-28 00:00:00,2023-09-24 00:00:00
1099,41,87500,1814.342368,Male,North,13,Clothing,37.29315686,2021-07-02 00:00:00,2021-09-17 00:00:00
1104,59,117900,40.89122245,Female,South,34,Home & Garden,0.125679539,2022-07-09 00:00:00,2023-08-14 00:00:00
1105,68,86500,800.2985025,Male,North,34,Home & Garden,93.37621198,2021-12-20 00:00:00,2022-04-17 00:00:00
1106,34,80100,1704.884761,Male,South,36,Home & Garden,30.60152412,2021-08-01 00:00:00,2022-11-10 00:00:00
1107,22,58700,704.8005388,Male,West,35,Health,19.66320425,2021-07-08 00:00:00,2022-01-16 00:00:00
1110,27,98500,1608.035775,Male,South,14,Home & Garden,47.45464264,2021-05-17 00:00:00,2021-07-12 00:00:00
1111,73,92800,337.9755162,Female,North,34,Electronics,6.935167102,2021-01-30 00:00:00,2023-07-26 00:00:00
1112,34,98600,1083.934184,Male,West,48,Home & Garden,5.267315621,2021-05-26 00:00:00,2022-08-24 00:00:00
1113,27,92900,400.0717692,Male,North,11,Clothing,29.29107655,2022-04-13 00:00:00,2022-08-30 00:00:00
1114,34,79000,1444.08415,Male,South,13,Electronics,29.57661312,2022-09-09 00:00:00,2023-02-04 00:00:00
1116,37,99100,646.1059427,Male,East,2,Clothing,40.47915943,2021-07-10 00:00:00,2023-09-18 00:00:00
1117,41,22500,1693.04229,Female,East,34,Electronics,28.40286682,2022-04-16 00:00:00,2022-05-21 00:00:00
1120,23,82200,816.6986404,Female,West,4,Clothing,88.6019018,2021-01-01 00:00:00,2022-04-11 00:00:00
1122,19,88400,1258.44656,Female,East,26,Home & Garden,16.28722282,2021-03-05 00:00:00,2023-06-07 00:00:00
1123,30,56600,326.6179967,Male,North,28,Electronics,54.72927643,2021-02-22 00:00:00,2022-04-19 00:00:00
1124,79,56400,758.5396744,Female,West,3,Toys,63.0753503,2021-09-19 00:00:00,2022-10-17 00:00:00
1126,60,75300,1397.674035,Male,South,10,Clothing,37.73484566,2021-10-29 00:00:00,2022-06-06 00:00:00
1127,65,89400,1889.5335,Male,South,18,Home & Garden,61.82003429,2021-08-22 00:00:00,2023-02-23 00:00:00
1128,28,114300,1991.111717,Male,West,27,Electronics,87.81810458,2021-03-14 00:00:00,2022-02-19 00:00:00
1129,68,41100,911.5480847,Male,West,31,Clothing,44.99537858,2021-12-23 00:00:00,2021-12-30 00:00:00
1132,40,26200,1697.593432,Female,South,1,Home & Garden,13.65669267,2021-01-06 00:00:00,2022-03-19 00:00:00
1135,48,61900,696.8942222,Female,East,34,Electronics,23.84237005,2021-05-17 00:00:00,2022-05-24 00:00:00
1136,28,118700,1971.891246,Male,West,39,Clothing,0.200704584,2022-02-08 00:00:00,2022-04-11 00:00:00
1140,21,102100,37.37887966,Male,West,18,Toys,26.27899724,2021-07-25 00:00:00,2022-12-24 00:00:00
1141,57,28100,776.6231595,Male,South,21,Home & Garden,24.05378933,2022-02-14 00:00:00,2023-04-22 00:00:00
1143,73,82400,94.04604101,Female,East,4,Toys,84.12262246,2021-02-05 00:00:00,2021-06-23 00:00:00
1144,42,35100,1020.623208,Male,West,13,Clothing,17.03316344,2021-08-18 00:00:00,2022-10-08 00:00:00
1148,44,41900,259.0783391,Female,South,13,Electronics,60.33139044,2021-05-11 00:00:00,2023-10-27 00:00:00
1149,46,88100,1954.391781,Female,South,27,Toys,90.31525112,2022-07-31 00:00:00,2023-05-28 00:00:00
1151,67,44100,901.642569,Male,East,49,Home & Garden,81.06720568,2021-07-05 00:00:00,2022-03-04 00:00:00
1153,75,112500,1629.864338,Male,North,38,Clothing,70.29492912,2021-07-05 00:00:00,2023-07-22 00:00:00
1154,68,110200,216.4746003,Male,West,19,Toys,9.294746645,2021-10-01 00:00:00,2022-05-24 00:00:00
1155,36,72000,868.7156728,Female,East,1,Home & Garden,1.608008641,2022-10-25 00:00:00,2023-06-26 00:00:00
1156,38,119500,1264.434297,Female,South,40,Toys,16.85596721,2021-12-18 00:00:00,2022-10-07 00:00:00
1158,35,56200,1262.38644,Female,West,21,Toys,72.51376642,2021-05-31 00:00:00,2023-04-04 00:00:00
1159,45,25900,1848.856378,Female,North,22,Electronics,55.70068207,2022-01-19 00:00:00,2023-11-28 00:00:00
1160,59,106700,1995.0859,Female,West,15,Home & Garden,52.59508645,2021-02-05 00:00:00,2022-07-20 00:00:00
1161,78,56700,84.25313205,Male,North,39,Electronics,25.28673003,2021-11-22 00:00:00,2022-09-09 00:00:00
1163,38,42400,634.4080893,Female,South,39,Clothing,20.65479698,2022-04-11 00:00:00,2023-04-28 00:00:00
1164,23,47000,810.2696789,Female,West,32,Toys,40.02770074,2021-04-05 00:00:00,2021-10-30 00:00:00
1165,18,98000,499.669172,Male,East,49,Home & Garden,74.01432068,2021-05-14 00:00:00,2023-01-26 00:00:00
1166,22,20300,422.9062292,Female,East,4,Home & Garden,25.45166165,2021-06-11 00:00:00,2021-06-13 00:00:00
1169,43,32000,113.045152,Female,North,32,Toys,88.54408485,2021-12-22 00:00:00,2023-02-22 00:00:00
1170,63,72900,690.8497828,Male,South,4,Electronics,23.29145609,2021-08-28 00:00:00,2022-01-03 00:00:00
1171,51,101500,822.1941363,Male,South,1,Toys,45.08566826,2022-07-18 00:00:00,2022-12-28 00:00:00
1173,31,78700,1265.168336,Female,West,7,Health,33.51531426,2021-06-16 00:00:00,2023-05-12 00:00:00
1174,43,106100,1287.953878,Male,South,9,Health,50.6880444,2021-05-20 00:00:00,2021-10-07 00:00:00
1175,62,76700,1703.998372,Female,North,1,Electronics,73.27402143,2021-05-19 00:00:00,2021-11-12 00:00:00
1176,44,47900,1486.921151,Female,North,16,Toys,19.80771201,2021-08-23 00:00:00,2023-03-27 00:00:00
1177,26,97900,1094.295187,Male,West,18,Clothing,21.80921284,2021-01-03 00:00:00,2021-05-31 00:00:00
1178,43,30600,1314.101805,Male,East,47,Toys,63.15778405,2021-09-13 00:00:00,2023-10-06 00:00:00
1179,74,104800,562.4977875,Female,North,6,Clothing,38.24577835,2022-01-06 00:00:00,2022-10-31 00:00:00
1180,64,57000,1194.251256,Male,South,2,Toys,48.20948672,2021-10-05 00:00:00,2022-02-11 00:00:00
1184,73,86700,597.5530324,Female,East,23,Health,65.67750417,2021-09-27 00:00:00,2023-10-30 00:00:00
1185,47,88900,1850.132943,Male,East,43,Electronics,80.3611943,2022-04-21 00:00:00,2023-01-08 00:00:00
1187,65,29800,592.7029276,Male,South,43,Home & Garden,6.480982565,2021-03-05 00:00:00,2023-09-24 00:00:00
1188,78,106200,751.3211776,Female,West,8,Toys,34.21729827,2022-04-05 00:00:00,2022-05-13 00:00:00
1189,34,62800,1334.210622,Female,South,39,Electronics,98.93161835,2021-01-16 00:00:00,2022-09-14 00:00:00
1190,43,98500,254.1120171,Male,North,25,Toys,19.65102888,2022-07-18 00:00:00,2023-06-08 00:00:00
1191,53,28100,1908.811521,Female,East,16,Home & Garden,58.67290784,2021-01-19 00:00:00,2021-12-20 00:00:00
1193,25,61200,1162.887825,Male,West,17,Home & Garden,58.65585607,2021-04-03 00:00:00,2022-03-08 00:00:00
1194,66,31400,1354.594978,Female,North,18,Home & Garden,37.22702581,2021-01-17 00:00:00,2023-01-09 00:00:00
1196,78,114800,691.1106552,Female,North,15,Electronics,36.16649025,2022-05-03 00:00:00,2022-05-23 00:00:00
1198,32,35100,173.4162881,Male,West,43,Health,96.08628163,2021-01-10 00:00:00,2021-02-06 00:00:00
1199,64,72400,578.9813917,Female,East,5,Electronics,71.50318416,2022-12-25 00:00:00,2023-06-19 00:00:00
1201,39,97100,527.6977948,Female,North,15,Toys,43.5969266,2022-05-04 00:00:00,2022-06-08 00:00:00
1202,31,41300,1869.276389,Female,South,42,Home & Garden,10.99648281,2021-05-24 00:00:00,2023-07-04 00:00:00
1204,45,68600,1598.840829,Male,East,34,Home & Garden,25.97111041,2022-05-30 00:00:00,2022-11-28 00:00:00
1205,40,28700,1025.73841,Female,North,48,Home & Garden,48.67793508,2022-04-15 00:00:00,2022-12-17 00:00:00
1206,31,21400,1505.654936,Male,South,19,Electronics,46.09797867,2022-01-12 00:00:00,2023-10-28 00:00:00
1207,41,86700,635.2163501,Female,South,8,Home & Garden,43.34082174,2022-10-30 00:00:00,2023-01-02 00:00:00
1208,19,39900,1038.689413,Female,North,47,Home & Garden,49.59774667,2022-05-09 00:00:00,2023-09-16 00:00:00
1210,43,61900,944.4186363,Male,East,5,Clothing,29.83536307,2022-04-29 00:00:00,2023-01-24 00:00:00
1213,73,30300,1440.378251,Male,East,22,Home & Garden,46.66062659,2021-03-16 00:00:00,2023-02-18 00:00:00
1214,68,107400,898.2554241,Female,South,44,Health,20.00492331,2021-02-09 00:00:00,2023-04-14 00:00:00
1215,24,87700,1878.976411,Male,North,23,Electronics,55.81922353,2021-10-29 00:00:00,2022-04-06 00:00:00
1217,64,104100,961.4179402,Female,South,9,Health,3.678891672,2021-03-03 00:00:00,2021-11-08 00:00:00
1219,63,42100,1384.459759,Female,East,20,Electronics,12.82551121,2021-09-02 00:00:00,2021-09-03 00:00:00
1220,60,90800,1730.009284,Female,North,28,Home & Garden,36.80387991,2021-01-18 00:00:00,2023-10-14 00:00:00
1222,77,91400,865.179491,Male,South,37,Toys,43.24800004,2022-02-02 00:00:00,2023-12-02 00:00:00
1224,35,32500,80.223444,Male,North,44,Home & Garden,59.67765959,2021-07-08 00:00:00,2023-09-07 00:00:00
1225,75,109900,1459.216274,Male,North,33,Health,29.53711827,2022-09-12 00:00:00,2023-09-15 00:00:00
1226,55,76700,1750.547069,Male,North,20,Toys,5.170299984,2021-04-14 00:00:00,2021-10-27 00:00:00
1227,52,101300,457.0109202,Female,West,48,Toys,76.75951183,2022-10-08 00:00:00,2023-06-20 00:00:00
1228,68,66100,333.7271136,Male,North,30,Toys,35.25271267,2021-12-10 00:00:00,2023-05-24 00:00:00
1229,32,83700,143.1660812,Male,South,44,Electronics,88.9724741,2022-01-06 00:00:00,2022-05-01 00:00:00
1230,42,30400,1648.951785,Female,West,9,Home & Garden,39.50567736,2021-02-02 00:00:00,2022-03-12 00:00:00
1231,72,116200,636.536241,Female,South,45,Toys,71.76586061,2022-01-09 00:00:00,2023-03-17 00:00:00
1232,54,88500,815.3598477,Male,South,49,Clothing,93.95647032,2021-06-27 00:00:00,2021-06-30 00:00:00
1233,45,37700,1015.445379,Male,East,17,Health,65.11524506,2021-01-12 00:00:00,2023-06-02 00:00:00
1234,27,90300,1682.117404,Female,North,36,Home & Garden,41.34889134,2022-04-01 00:00:00,2023-05-27 00:00:00
1235,56,73200,1308.649779,Male,North,14,Clothing,56.73992688,2022-10-05 00:00:00,2022-11-25 00:00:00
1236,74,78400,1237.827967,Male,South,19,Electronics,54.34451885,2021-09-06 00:00:00,2021-12-06 00:00:00
1237,34,43800,367.8307579,Female,North,7,Toys,58.48200367,2022-03-24 00:00:00,2022-05-06 00:00:00
1239,39,88000,1436.454414,Female,East,33,Home & Garden,69.85098824,2021-01-04 00:00:00,2022-12-31 00:00:00
1240,43,35600,1947.056548,Male,North,44,Clothing,14.50432717,2021-08-24 00:00:00,2022-04-01 00:00:00
1242,61,53300,38.89583907,Female,West,47,Health,62.47801007,2021-11-18 00:00:00,2022-12-20 00:00:00
1243,42,55600,169.0968385,Female,East,11,Toys,11.69135722,2022-01-06 00:00:00,2022-03-15 00:00:00
1244,34,54400,764.1878811,Male,West,42,Home & Garden,77.04116367,2022-07-02 00:00:00,2022-10-13 00:00:00
1245,30,81300,1644.678403,Female,South,2,Toys,86.59659535,2021-10-23 00:00:00,2022-05-24 00:00:00
1247,42,50800,924.3265739,Female,North,4,Toys,66.44769629,2021-02-27 00:00:00,2023-08-23 00:00:00
1249,27,36600,123.913786,Female,South,17,Clothing,35.22810807,2022-07-02 00:00:00,2023-05-29 00:00:00
1250,20,27200,911.4678476,Male,West,28,Health,49.0925094,2022-02-12 00:00:00,2023-10-15 00:00:00
1251,58,108700,524.4024405,Male,South,30,Electronics,19.03522284,2022-10-03 00:00:00,2023-02-14 00:00:00
1252,62,58400,716.731972,Female,South,40,Home & Garden,34.84226478,2022-05-28 00:00:00,2023-06-04 00:00:00
1255,53,21600,266.8019094,Male,East,24,Electronics,26.40671357,2022-02-24 00:00:00,2023-05-10 00:00:00
1256,64,45300,1923.60079,Female,North,29,Home & Garden,74.93282557,2021-05-26 00:00:00,2023-02-19 00:00:00
1258,51,32200,1536.419483,Female,South,38,Home & Garden,24.58875865,2021-01-17 00:00:00,2022-03-13 00:00:00
1259,64,101000,176.842037,Female,East,29,Home & Garden,1.754756282,2021-04-08 00:00:00,2023-02-02 00:00:00
1260,25,52000,113.1755913,Female,North,19,Health,72.00515995,2022-03-28 00:00:00,2023-01-06 00:00:00
1261,57,36300,58.50713973,Male,West,27,Home & Garden,61.79035656,2021-08-31 00:00:00,2023-12-07 00:00:00
1263,61,34800,840.5286275,Male,South,36,Clothing,21.4327762,2021-07-20 00:00:00,2022-09-25 00:00:00
1264,36,117200,1872.935744,Male,North,35,Electronics,68.73763907,2022-04-18 00:00:00,2023-12-13 00:00:00
1265,59,66200,924.9781253,Female,West,6,Toys,59.63766177,2021-06-28 00:00:00,2021-08-21 00:00:00
1267,54,119600,1132.631802,Female,South,39,Health,43.78258116,2022-03-29 00:00:00,2022-11-05 00:00:00
1268,23,76400,241.6304647,Male,East,46,Toys,56.79205033,2021-09-27 00:00:00,2022-07-03 00:00:00
1269,69,91200,1226.821664,Male,South,44,Electronics,49.32921761,2021-08-22 00:00:00,2023-07-26 00:00:00
1272,76,94800,1973.641471,Male,West,2,Home & Garden,54.07099549,2022-08-01 00:00:00,2023-06-15 00:00:00
1273,73,113900,516.729474,Male,East,13,Home & Garden,45.02794829,2021-12-04 00:00:00,2022-06-06 00:00:00
1275,62,35700,1819.553505,Male,North,21,Electronics,46.93820506,2022-08-07 00:00:00,2023-07-03 00:00:00
1276,23,57800,1574.675971,Male,South,31,Electronics,88.14719638,2021-12-23 00:00:00,2022-07-07 00:00:00
1277,54,93500,985.0644801,Male,East,48,Toys,81.86274411,2021-02-18 00:00:00,2022-11-07 00:00:00
1278,74,65500,1891.835866,Male,West,36,Toys,62.95699612,2022-05-11 00:00:00,2023-02-09 00:00:00
1281,39,27100,120.0046369,Female,West,27,Electronics,74.39917194,2021-10-20 00:00:00,2022-12-08 00:00:00
1284,23,109700,540.1874683,Female,North,23,Clothing,13.97769659,2021-05-30 00:00:00,2021-10-09 00:00:00
1285,72,74300,955.0520279,Male,West,21,Home & Garden,7.520879035,2022-08-05 00:00:00,2023-01-25 00:00:00
1286,65,78700,662.1711807,Female,South,13,Electronics,4.48856855,2022-06-29 00:00:00,2023-12-11 00:00:00
1287,21,109100,1905.244956,Female,West,37,Health,16.17961749,2021-09-17 00:00:00,2022-05-10 00:00:00
1288,47,51900,1650.818278,Female,South,47,Electronics,3.01437948,2021-11-18 00:00:00,2022-02-13 00:00:00
1289,28,71000,1423.822992,Male,East,26,Toys,73.26422424,2021-03-18 00:00:00,2021-09-30 00:00:00
1290,79,88800,1183.501433,Female,West,40,Home & Garden,24.8614119,2021-04-20 00:00:00,2022-04-03 00:00:00
1293,48,42800,906.1526731,Female,West,39,Home & Garden,11.46574965,2022-02-27 00:00:00,2022-07-16 00:00:00
1296,26,78200,146.5238653,Male,South,23,Health,34.20295146,2021-11-26 00:00:00,2023-06-27 00:00:00
1297,72,99700,167.1825256,Female,North,30,Home & Garden,11.78072131,2022-12-13 00:00:00,2023-12-08 00:00:00
1299,68,55300,1741.96902,Male,South,42,Clothing,33.55143461,2021-05-31 00:00:00,2023-09-11 00:00:00
1300,48,100900,955.008323,Male,West,18,Clothing,14.03419727,2022-06-30 00:00:00,2022-07-20 00:00:00
1302,54,90900,797.9604845,Female,North,10,Home & Garden,5.295580045,2021-02-01 00:00:00,2023-07-30 00:00:00
1303,53,61700,532.2476759,Male,North,39,Home & Garden,59.50084217,2021-09-29 00:00:00,2023-06-20 00:00:00
1305,48,91300,1592.481044,Male,North,26,Clothing,75.67323131,2022-01-03 00:00:00,2022-12-25 00:00:00
1306,23,52500,1257.927928,Male,East,7,Clothing,21.81749763,2022-05-07 00:00:00,2022-09-26 00:00:00
1309,45,25600,1148.959631,Female,West,1,Home & Garden,72.13665637,2022-08-11 00:00:00,2023-11-11 00:00:00
1312,32,111000,1580.637841,Male,North,13,Toys,3.866181432,2022-01-03 00:00:00,2023-07-09 00:00:00
1313,23,63200,67.60164999,Male,West,25,Electronics,49.52444344,2021-03-21 00:00:00,2023-09-02 00:00:00
1315,66,22300,1382.910055,Female,East,8,Electronics,48.63202272,2021-09-15 00:00:00,2022-08-24 00:00:00
1316,47,68700,1502.422987,Male,South,10,Clothing,14.13591309,2021-10-06 00:00:00,2022-06-29 00:00:00
1318,55,59200,1737.011162,Male,South,17,Toys,11.06208202,2022-07-12 00:00:00,2023-07-23 00:00:00
1320,79,112200,488.6963056,Female,West,15,Toys,59.50789355,2022-08-08 00:00:00,2023-11-17 00:00:00
1321,74,64800,1767.578606,Female,South,15,Toys,97.66606372,2022-07-20 00:00:00,2023-03-28 00:00:00
1323,32,91900,130.2995355,Female,West,40,Clothing,68.71736926,2022-06-05 00:00:00,2023-08-31 00:00:00
1324,28,114300,275.8631242,Female,West,20,Health,53.9424671,2021-11-22 00:00:00,2023-08-06 00:00:00
1325,25,105800,134.3273373,Male,East,15,Health,49.83579343,2021-06-21 00:00:00,2023-01-08 00:00:00
1326,43,32200,1693.12423,Male,North,35,Toys,6.470419684,2021-03-25 00:00:00,2021-11-20 00:00:00
1327,68,118600,136.919286,Male,West,6,Health,14.42974023,2022-06-08 00:00:00,2023-05-17 00:00:00
1328,62,35400,557.8950989,Female,South,30,Clothing,88.30577292,2022-04-26 00:00:00,2023-01-05 00:00:00
1329,61,49800,225.4375602,Male,West,8,Health,41.0164315,2022-06-28 00:00:00,2023-03-04 00:00:00
1331,23,110000,199.3077458,Male,South,48,Home & Garden,52.82332327,2021-12-05 00:00:00,2023-11-27 00:00:00
1332,43,118900,1342.646436,Female,North,47,Electronics,37.88823796,2021-11-16 00:00:00,2023-06-11 00:00:00
1336,37,91400,47.05013723,Male,South,18,Clothing,38.72590403,2021-04-24 00:00:00,2023-06-14 00:00:00
1337,50,98400,1793.538184,Female,West,13,Health,44.69755694,2022-02-11 00:00:00,2023-12-13 00:00:00
1338,37,36300,77.30974715,Male,North,24,Toys,98.51262237,2021-01-26 00:00:00,2023-05-20 00:00:00
1339,66,25900,494.4986542,Male,West,40,Electronics,35.14547693,2021-08-25 00:00:00,2022-06-17 00:00:00
1340,29,83200,84.1304928,Male,East,14,Electronics,64.45788959,2021-11-06 00:00:00,2023-09-27 00:00:00
1342,18,66000,1037.455721,Male,South,11,Electronics,6.548138183,2021-08-21 00:00:00,2023-08-12 00:00:00
1344,31,42100,689.2034699,Male,West,25,Clothing,73.07349024,2021-09-22 00:00:00,2021-10-28 00:00:00
1347,79,39000,1506.184944,Female,North,2,Home & Garden,13.57441845,2021-11-12 00:00:00,2022-10-16 00:00:00
1350,30,87000,387.1095237,Male,North,33,Clothing,75.70330569,2022-01-19 00:00:00,2022-08-09 00:00:00
1352,20,107700,1035.468501,Male,South,24,Clothing,27.88505301,2021-11-12 00:00:00,2023-03-21 00:00:00
1353,50,25400,1692.699211,Male,East,27,Clothing,86.25743541,2021-09-13 00:00:00,2022-09-26 00:00:00
1354,23,74200,177.6180524,Male,East,4,Toys,98.60718703,2022-03-17 00:00:00,2023-11-01 00:00:00
1355,67,94700,1419.773511,Male,West,24,Health,25.43491012,2021-04-25 00:00:00,2023-07-20 00:00:00
1356,73,58400,1315.60599,Female,West,23,Toys,80.62461496,2021-10-26 00:00:00,2022-10-21 00:00:00
1357,27,106000,1747.589505,Female,South,29,Clothing,75.01663164,2021-05-04 00:00:00,2023-06-05 00:00:00
1358,22,98900,503.4121698,Female,East,34,Home & Garden,74.71901211,2021-09-13 00:00:00,2021-11-17 00:00:00
1361,61,45000,1326.787031,Female,West,26,Home & Garden,67.41680406,2021-02-16 00:00:00,2023-05-27 00:00:00
1362,19,46700,789.7614575,Male,East,20,Health,82.38773636,2022-12-30 00:00:00,2023-01-24 00:00:00
1364,57,101500,539.7203156,Male,West,3,Toys,48.14312028,2021-12-16 00:00:00,2022-04-09 00:00:00
1365,19,49400,1170.806645,Female,North,49,Toys,31.86547541,2021-05-03 00:00:00,2023-09-25 00:00:00
1366,37,40900,1441.972536,Female,North,37,Health,78.08257128,2021-01-31 00:00:00,2021-08-29 00:00:00
1367,18,72400,266.355336,Female,East,40,Home & Garden,68.61957797,2021-02-24 00:00:00,2023-07-25 00:00:00
1368,54,115700,1207.202575,Male,West,44,Clothing,45.11398995,2021-06-02 00:00:00,2023-08-22 00:00:00
1369,26,54800,1109.695532,Female,South,25,Home & Garden,41.93366574,2022-04-01 00:00:00,2023-08-17 00:00:00
1370,34,71200,1037.631784,Female,East,23,Electronics,7.258964317,2021-10-13 00:00:00,2023-05-15 00:00:00
1371,26,47800,1386.443773,Female,West,44,Home & Garden,0.650114683,2021-02-05 00:00:00,2022-10-12 00:00:00
1372,28,96400,1678.150198,Female,East,1,Electronics,52.88939665,2021-09-13 00:00:00,2021-11-23 00:00:00
1373,32,103700,659.5195727,Male,East,33,Toys,41.74928524,2021-06-27 00:00:00,2023-05-15 00:00:00
1377,52,110900,548.208686,Female,North,17,Home & Garden,19.61407989,2022-11-05 00:00:00,2023-10-24 00:00:00
1378,47,116100,256.6711217,Male,North,41,Toys,99.01503404,2021-01-21 00:00:00,2023-12-11 00:00:00
1379,48,67400,476.0320649,Female,West,44,Health,29.79191943,2021-03-16 00:00:00,2023-06-01 00:00:00
1384,61,105200,114.8694585,Female,North,46,Health,13.48341515,2021-02-06 00:00:00,2021-03-17 00:00:00
1385,67,37000,1898.070248,Male,West,9,Clothing,71.15058274,2021-04-30 00:00:00,2023-01-26 00:00:00
1387,70,82300,33.4571662,Female,West,33,Home & Garden,96.12979741,2021-01-01 00:00:00,2022-03-28 00:00:00
1388,73,74400,1532.43587,Male,West,33,Home & Garden,32.56484865,2022-12-22 00:00:00,2023-06-30 00:00:00
1389,28,94100,1037.882203,Female,West,20,Toys,98.35237217,2021-11-07 00:00:00,2022-01-02 00:00:00
1390,26,81000,1563.143037,Female,West,4,Health,20.54232566,2021-07-27 00:00:00,2023-04-06 00:00:00
1391,51,53100,1054.543682,Male,North,1,Electronics,10.28143862,2021-06-03 00:00:00,2022-11-01 00:00:00
1392,29,100100,1289.229218,Female,West,42,Electronics,31.25697335,2022-11-14 00:00:00,2023-11-14 00:00:00
1396,57,30300,1702.894062,Female,North,24,Electronics,20.24990496,2022-09-11 00:00:00,2023-03-29 00:00:00
1397,39,120000,774.162918,Male,West,15,Home & Garden,31.12606621,2022-10-17 00:00:00,2023-02-26 00:00:00
1398,77,75900,1002.164598,Female,South,35,Electronics,59.01667378,2022-06-04 00:00:00,2022-07-10 00:00:00
1400,25,77200,994.3421805,Female,West,9,Electronics,74.70540821,2021-04-07 00:00:00,2021-09-16 00:00:00
1402,58,82000,570.9699684,Female,South,21,Home & Garden,87.38237374,2021-01-07 00:00:00,2021-06-12 00:00:00
1403,54,48200,802.9281751,Female,North,13,Toys,50.09618264,2021-01-12 00:00:00,2021-02-08 00:00:00
1404,31,40200,1380.636193,Male,East,3,Toys,33.11764141,2022-05-29 00:00:00,2022-10-27 00:00:00
1406,47,56700,846.4354155,Female,South,4,Electronics,35.56333218,2021-01-07 00:00:00,2021-12-26 00:00:00
1410,22,51900,255.6621829,Female,West,26,Health,38.64901061,2021-02-26 00:00:00,2021-09-14 00:00:00
1412,76,44500,977.4287046,Female,West,24,Toys,13.93058667,2022-08-09 00:00:00,2022-09-02 00:00:00
1413,31,71900,455.7783308,Male,West,43,Health,0.46408255,2021-08-21 00:00:00,2023-06-24 00:00:00
1414,43,56100,522.8898117,Female,West,10,Toys,0.954429258,2021-01-30 00:00:00,2021-06-13 00:00:00
1415,79,74200,1757.830514,Male,East,37,Electronics,38.02878895,2022-01-02 00:00:00,2022-09-07 00:00:00
1418,62,81700,556.8616617,Female,North,42,Clothing,63.49140441,2021-01-10 00:00:00,2021-12-30 00:00:00
1419,59,116700,1525.449878,Male,East,39,Toys,51.92492376,2021-05-27 00:00:00,2023-11-11 00:00:00
1420,42,21500,1450.374541,Female,North,19,Clothing,81.97931442,2021-12-30 00:00:00,2022-10-22 00:00:00
1421,35,105200,34.63596486,Male,North,19,Home & Garden,88.03787252,2022-08-22 00:00:00,2022-11-30 00:00:00
1422,57,35200,1028.088118,Female,West,12,Health,84.97407281,2021-09-10 00:00:00,2023-01-17 00:00:00
1423,25,112400,295.8525751,Female,East,22,Home & Garden,81.21321058,2022-11-30 00:00:00,2023-08-19 00:00:00
1424,56,64900,1735.129521,Male,North,47,Clothing,18.27130736,2021-09-10 00:00:00,2023-07-19 00:00:00
1426,31,39700,848.3246988,Male,North,30,Toys,58.21631961,2021-12-06 00:00:00,2023-12-26 00:00:00
1428,68,32000,620.50022,Male,South,12,Electronics,48.08127893,2021-12-19 00:00:00,2022-12-04 00:00:00
1432,40,75300,875.8174978,Female,South,37,Health,63.01864391,2021-11-19 00:00:00,2022-03-11 00:00:00
1433,32,23900,201.1452864,Male,West,48,Home & Garden,26.23172145,2021-05-20 00:00:00,2021-10-07 00:00:00
1434,50,52300,1498.274345,Male,West,18,Electronics,27.93003892,2022-03-21 00:00:00,2022-06-08 00:00:00
1435,42,64800,44.94087452,Male,North,44,Health,61.01948316,2021-04-05 00:00:00,2022-10-29 00:00:00
1436,34,91400,1296.080422,Female,North,27,Clothing,40.69349746,2022-07-07 00:00:00,2023-11-13 00:00:00
1440,19,113600,1986.028062,Male,North,23,Electronics,39.33504266,2022-07-07 00:00:00,2023-07-23 00:00:00
1442,70,50500,467.1624718,Male,North,38,Health,4.80253876,2021-04-26 00:00:00,2022-05-23 00:00:00
1444,57,49400,1735.141083,Male,East,25,Clothing,69.50719519,2021-08-25 00:00:00,2022-01-16 00:00:00
1445,68,61000,899.4842169,Male,South,4,Health,79.20507905,2021-09-27 00:00:00,2023-04-05 00:00:00
1446,56,75400,291.3645496,Male,East,30,Health,19.02207041,2021-10-18 00:00:00,2023-10-27 00:00:00
1449,23,81300,1968.134601,Female,East,42,Health,90.68121501,2022-09-22 00:00:00,2023-11-26 00:00:00
1450,20,40100,1821.2925,Female,East,49,Home & Garden,78.93760774,2022-04-20 00:00:00,2023-12-30 00:00:00
1454,59,75700,1146.586725,Male,West,24,Toys,64.32739938,2021-01-11 00:00:00,2023-12-15 00:00:00
1456,32,70200,926.7671647,Female,East,35,Electronics,49.30154617,2021-11-23 00:00:00,2023-04-01 00:00:00
1458,46,76600,873.79676,Female,North,17,Home & Garden,95.21015357,2021-10-03 00:00:00,2023-06-06 00:00:00
1459,50,84200,1147.20991,Male,South,32,Home & Garden,29.53062084,2022-01-05 00:00:00,2023-11-15 00:00:00
1460,69,73600,24.11150485,Male,East,24,Home & Garden,24.6363152,2022-05-05 00:00:00,2023-11-27 00:00:00
1461,47,41000,536.2033728,Female,East,7,Clothing,60.18068923,2021-12-11 00:00:00,2023-11-09 00:00:00
1463,44,108900,1449.987875,Female,East,27,Electronics,58.25328305,2021-11-07 00:00:00,2022-04-12 00:00:00
1464,53,47700,364.8302509,Female,West,48,Toys,8.885148507,2022-08-24 00:00:00,2023-06-16 00:00:00
1468,50,31400,73.62064467,Female,West,42,Toys,20.69531519,2021-01-04 00:00:00,2021-10-21 00:00:00
1469,78,82600,909.5509538,Male,South,45,Clothing,33.53742849,2022-01-11 00:00:00,2023-07-11 00:00:00
1470,54,65700,606.9608777,Male,East,31,Health,36.85986952,2022-01-04 00:00:00,2022-04-13 00:00:00
1472,72,114200,266.7345036,Male,East,46,Home & Garden,52.90213406,2022-06-17 00:00:00,2023-11-11 00:00:00
1474,79,112800,124.3851373,Male,West,22,Home & Garden,45.06762543,2021-05-17 00:00:00,2023-01-28 00:00:00
1475,21,107300,903.4174669,Male,East,12,Electronics,1.297667065,2021-12-29 00:00:00,2022-03-27 00:00:00
1476,39,51200,1116.879385,Male,West,32,Health,77.05252793,2021-08-04 00:00:00,2023-02-17 00:00:00
1478,27,53900,921.0497583,Female,South,33,Home & Garden,82.93174929,2021-04-27 00:00:00,2022-03-22 00:00:00
1479,22,69100,343.8365132,Male,East,20,Toys,54.09965214,2021-06-28 00:00:00,2023-08-15 00:00:00
1483,71,119000,1801.491295,Female,East,13,Health,94.26461465,2021-03-19 00:00:00,2022-10-14 00:00:00
1484,55,32000,1264.245776,Female,North,14,Electronics,54.33698872,2021-10-20 00:00:00,2023-05-01 00:00:00
1485,30,46500,888.5250565,Female,East,44,Toys,15.0658232,2021-03-23 00:00:00,2022-07-06 00:00:00
1488,53,81300,1534.256959,Male,South,18,Clothing,80.73371707,2022-08-01 00:00:00,2023-10-31 00:00:00
1489,62,75900,545.8040441,Female,East,48,Electronics,68.04216264,2021-04-06 00:00:00,2022-01-23 00:00:00
1490,41,69500,1617.411668,Female,North,29,Health,90.47276074,2021-05-25 00:00:00,2022-01-20 00:00:00
1493,32,66200,188.8313164,Male,North,46,Health,60.94464072,2022-02-01 00:00:00,2022-04-19 00:00:00
1494,46,27700,1735.043744,Female,North,35,Health,12.46714552,2021-12-23 00:00:00,2022-09-08 00:00:00
1495,25,80700,1008.389173,Male,South,34,Health,7.846861174,2021-07-05 00:00:00,2023-08-20 00:00:00
1496,22,97300,607.1444274,Male,West,3,Health,44.82771458,2022-11-01 00:00:00,2023-03-03 00:00:00
1498,64,66500,875.3809067,Female,South,5,Electronics,72.79023831,2021-05-31 00:00:00,2022-03-25 00:00:00
1501,62,117700,224.3689648,Female,North,32,Clothing,23.51688696,2021-02-28 00:00:00,2023-07-21 00:00:00
1502,19,108400,1178.369634,Male,West,31,Toys,84.32063915,2021-01-10 00:00:00,2021-09-26 00:00:00
1503,44,75800,987.3140836,Male,East,2,Toys,85.31033749,2021-05-04 00:00:00,2022-09-10 00:00:00
1504,48,99000,1057.908617,Female,East,12,Clothing,73.27859724,2021-12-22 00:00:00,2023-02-12 00:00:00
1505,68,74300,1340.532127,Female,West,27,Home & Garden,61.51321848,2021-12-12 00:00:00,2023-05-15 00:00:00
1506,68,27100,548.9452583,Female,West,5,Clothing,86.77924548,2021-08-25 00:00:00,2022-06-10 00:00:00
1507,53,94300,1823.116691,Male,South,37,Health,16.3291682,2021-11-29 00:00:00,2023-06-07 00:00:00
1511,44,43100,1293.346618,Female,East,4,Toys,25.06620347,2021-01-23 00:00:00,2021-09-17 00:00:00
1512,22,53000,645.1719369,Male,East,21,Health,85.81783863,2022-04-04 00:00:00,2022-10-05 00:00:00
1514,28,95500,455.3266736,Female,East,44,Clothing,59.49302374,2022-06-05 00:00:00,2023-12-19 00:00:00
1518,55,56100,785.658971,Male,North,24,Health,81.56933772,2022-02-07 00:00:00,2022-03-31 00:00:00
1520,25,36300,1939.591981,Female,West,10,Electronics,84.86879269,2022-04-02 00:00:00,2023-06-18 00:00:00
1521,40,26000,918.7737501,Female,West,49,Health,16.92159001,2022-04-28 00:00:00,2023-06-22 00:00:00
1522,64,67600,1023.859248,Female,West,49,Electronics,70.58866182,2022-05-13 00:00:00,2023-10-30 00:00:00
1523,43,55100,1152.900484,Male,North,2,Electronics,14.65033405,2021-01-27 00:00:00,2021-08-20 00:00:00
1524,63,96800,1866.04932,Male,East,31,Electronics,78.5098009,2022-02-01 00:00:00,2022-09-03 00:00:00
1525,60,47100,1719.249446,Male,South,25,Health,24.51260045,2021-07-07 00:00:00,2022-12-31 00:00:00
1526,29,64800,357.7902268,Female,West,4,Health,73.78177276,2021-05-20 00:00:00,2023-08-23 00:00:00
1527,43,67200,884.7804793,Male,North,11,Toys,45.50016185,2022-06-05 00:00:00,2023-06-01 00:00:00
1528,30,104800,938.7208478,Male,West,17,Clothing,98.62634646,2021-04-02 00:00:00,2021-11-14 00:00:00
1529,57,41700,1582.410301,Female,South,44,Home & Garden,57.98938307,2021-03-18 00:00:00,2022-06-06 00:00:00
1530,79,47100,1213.727908,Female,East,2,Home & Garden,63.25793642,2021-09-01 00:00:00,2022-12-17 00:00:00
1531,35,84900,1315.356515,Female,South,6,Electronics,36.81635139,2022-10-29 00:00:00,2023-12-16 00:00:00
1532,42,64700,1996.435817,Male,East,9,Health,73.45201578,2022-12-31 00:00:00,2023-12-09 00:00:00
1533,50,104600,168.4208861,Female,East,5,Health,49.48856411,2022-10-24 00:00:00,2023-11-06 00:00:00
1534,64,108600,461.5594506,Male,East,20,Electronics,1.80666351,2021-03-29 00:00:00,2023-06-03 00:00:00
1537,60,51500,62.85821147,Male,West,9,Toys,23.68017701,2021-04-05 00:00:00,2023-11-23 00:00:00
1538,29,63400,201.7196608,Male,South,28,Clothing,22.10637551,2021-09-10 00:00:00,2022-02-23 00:00:00
1540,53,64300,1761.062437,Male,North,31,Electronics,81.79792764,2022-02-03 00:00:00,2022-09-18 00:00:00
1541,65,87300,1038.169482,Female,South,20,Home & Garden,24.96203378,2021-02-23 00:00:00,2023-04-25 00:00:00
1542,21,116300,1087.598337,Male,South,27,Electronics,93.22626512,2021-08-31 00:00:00,2023-06-01 00:00:00
1543,22,57900,525.084997,Male,South,8,Health,92.73873567,2021-04-20 00:00:00,2022-12-21 00:00:00
1544,73,58500,1540.3952,Female,South,21,Electronics,20.05366719,2022-09-16 00:00:00,2023-08-02 00:00:00
1546,25,63600,1184.964065,Male,West,23,Electronics,70.05988109,2022-12-02 00:00:00,2023-03-20 00:00:00
1547,59,97300,441.0752873,Female,East,6,Home & Garden,95.1733109,2021-08-09 00:00:00,2023-05-22 00:00:00
1548,66,20500,212.0960721,Female,West,3,Electronics,70.98826888,2022-07-18 00:00:00,2023-05-17 00:00:00
1549,45,113500,147.1923802,Male,West,5,Electronics,44.49000498,2021-06-11 00:00:00,2022-07-25 00:00:00
1550,48,28900,1193.538212,Male,West,9,Home & Garden,16.90013464,2021-02-04 00:00:00,2022-09-26 00:00:00
1551,75,113400,1653.569932,Male,East,7,Electronics,46.10098488,2021-02-06 00:00:00,2022-09-24 00:00:00
1552,26,44300,1719.494255,Female,South,4,Clothing,60.6767792,2022-09-15 00:00:00,2023-03-20 00:00:00
1554,68,92100,1572.857173,Female,East,5,Clothing,51.02578212,2021-06-26 00:00:00,2022-07-28 00:00:00
1555,46,112500,1894.822789,Female,West,11,Toys,13.02141283,2022-06-05 00:00:00,2023-11-30 00:00:00
1556,31,67200,564.8368227,Male,North,15,Clothing,45.21881045,2021-10-02 00:00:00,2023-11-30 00:00:00
1557,57,74200,807.9614858,Female,North,34,Toys,9.077581893,2022-09-25 00:00:00,2023-05-20 00:00:00
1558,58,34000,1864.328405,Male,East,13,Electronics,4.908874995,2021-04-15 00:00:00,2023-01-16 00:00:00
1559,39,48400,689.6973153,Male,West,48,Home & Garden,85.72399156,2021-06-05 00:00:00,2023-11-05 00:00:00
1560,28,32900,1829.475055,Female,East,7,Home & Garden,20.50815841,2021-12-02 00:00:00,2023-07-26 00:00:00
1561,40,79300,1962.468827,Female,East,40,Health,57.51553291,2021-01-26 00:00:00,2023-08-17 00:00:00
1565,38,93500,1405.07783,Female,North,22,Toys,14.36764364,2021-03-10 00:00:00,2022-01-04 00:00:00
1566,43,35500,627.7235245,Male,North,25,Home & Garden,4.596229701,2021-11-23 00:00:00,2022-04-05 00:00:00
1567,63,96300,133.0467891,Male,East,28,Toys,87.7159802,2021-05-31 00:00:00,2021-09-04 00:00:00
1570,40,107200,223.0078125,Female,North,3,Health,80.50721608,2021-11-16 00:00:00,2023-01-20 00:00:00
1573,71,83800,1437.157134,Male,South,15,Home & Garden,14.62257492,2022-10-30 00:00:00,2023-03-25 00:00:00
1574,72,58900,1946.131529,Female,West,26,Health,23.72817486,2021-04-22 00:00:00,2022-08-01 00:00:00
1577,32,78700,1741.317556,Female,North,41,Home & Garden,7.344447016,2021-12-28 00:00:00,2022-02-10 00:00:00
1580,26,45400,1154.065855,Male,South,34,Health,19.92264427,2022-04-25 00:00:00,2022-09-30 00:00:00
1581,70,23700,291.7097503,Female,North,5,Electronics,90.74710268,2021-01-04 00:00:00,2023-08-16 00:00:00
1583,27,54100,716.820946,Female,South,13,Home & Garden,85.68559214,2021-01-26 00:00:00,2022-03-08 00:00:00
1584,69,114900,903.3755278,Female,North,43,Health,17.78032381,2021-01-27 00:00:00,2022-06-09 00:00:00
1585,74,34200,1349.887257,Female,North,1,Electronics,86.17848465,2021-02-11 00:00:00,2023-01-13 00:00:00
1587,43,88500,523.4331388,Male,North,15,Electronics,87.82066742,2021-03-05 00:00:00,2022-02-03 00:00:00
1588,58,75800,1269.477799,Female,East,26,Health,15.17036447,2021-01-25 00:00:00,2021-12-03 00:00:00
1589,52,70100,69.46848292,Male,South,18,Health,76.20365513,2021-03-13 00:00:00,2021-04-29 00:00:00
1591,42,28800,1037.766272,Female,East,9,Health,54.29333874,2021-09-25 00:00:00,2022-08-03 00:00:00
1592,43,105200,1219.392386,Female,West,1,Health,81.05873444,2021-04-05 00:00:00,2021-11-01 00:00:00
1595,19,96300,1173.416879,Female,South,23,Health,38.10621468,2021-11-11 00:00:00,2023-11-10 00:00:00
1596,24,56200,1373.900638,Male,West,43,Toys,58.99231783,2021-04-27 00:00:00,2022-09-15 00:00:00
1597,35,30300,1511.175317,Male,North,45,Home & Garden,87.06008426,2021-06-13 00:00:00,2022-10-20 00:00:00
1598,44,83100,1460.355735,Male,East,2,Home & Garden,21.48140641,2022-07-31 00:00:00,2022-12-05 00:00:00
1599,51,108900,1741.840586,Male,East,14,Toys,48.57413566,2021-11-02 00:00:00,2023-06-02 00:00:00
1600,44,76800,395.0979977,Female,West,38,Electronics,96.07418217,2021-07-19 00:00:00,2022-06-08 00:00:00
1601,34,41600,814.2729796,Male,East,40,Clothing,47.36018015,2021-06-29 00:00:00,2021-08-05 00:00:00
1602,60,51400,1896.636211,Female,West,18,Health,25.28294452,2021-12-24 00:00:00,2023-09-17 00:00:00
1603,76,65300,805.2493373,Female,North,16,Electronics,35.10762387,2021-09-09 00:00:00,2022-01-10 00:00:00
1605,76,107900,1060.38135,Female,North,44,Clothing,95.48830388,2022-03-06 00:00:00,2023-02-15 00:00:00
1609,42,104400,1091.898024,Female,East,14,Electronics,18.26889349,2021-09-11 00:00:00,2021-11-01 00:00:00
1610,24,42700,582.4356103,Male,North,2,Health,12.32210121,2022-10-27 00:00:00,2023-02-05 00:00:00
1613,70,89200,892.6633013,Male,West,11,Electronics,87.81167221,2021-04-06 00:00:00,2023-10-26 00:00:00
1614,41,101100,535.5981554,Male,South,22,Clothing,80.90863158,2021-06-16 00:00:00,2022-07-12 00:00:00
1615,50,56800,1680.031283,Female,South,3,Clothing,56.78213805,2021-11-27 00:00:00,2022-05-24 00:00:00
1616,66,39800,1436.92902,Female,North,31,Toys,99.87232545,2021-03-03 00:00:00,2023-08-29 00:00:00
1617,46,44600,1380.144041,Male,South,33,Home & Garden,95.30520722,2021-06-23 00:00:00,2023-10-23 00:00:00
1622,67,40100,625.5107523,Female,North,37,Toys,15.77436729,2021-08-27 00:00:00,2022-05-19 00:00:00
1623,38,63500,1523.29318,Female,North,27,Health,39.84513042,2022-02-19 00:00:00,2022-11-25 00:00:00
1624,66,94700,1247.100752,Female,North,38,Toys,94.26481084,2022-11-06 00:00:00,2023-08-17 00:00:00
1628,58,101100,670.5698528,Female,North,12,Clothing,60.23641741,2021-07-16 00:00:00,2022-04-28 00:00:00
1629,66,105900,1212.467479,Male,South,3,Clothing,19.38042425,2022-09-26 00:00:00,2023-10-25 00:00:00
1630,37,103600,658.2031524,Male,West,30,Health,19.65865876,2022-02-17 00:00:00,2022-09-19 00:00:00
1632,39,32300,160.1670433,Female,East,23,Clothing,24.32810729,2021-02-23 00:00:00,2021-12-17 00:00:00
1633,45,88400,1327.56874,Female,North,2,Health,83.81920348,2022-10-09 00:00:00,2022-10-11 00:00:00
1634,78,43900,1622.205711,Female,North,7,Toys,47.03238255,2021-12-05 00:00:00,2023-06-20 00:00:00
1637,24,45300,1901.607887,Female,West,39,Clothing,77.38257969,2021-04-10 00:00:00,2022-03-01 00:00:00
1638,18,75900,613.8782098,Male,North,32,Electronics,88.06608784,2021-08-22 00:00:00,2022-04-09 00:00:00
1639,49,87800,57.9524173,Male,West,43,Health,26.11274616,2022-06-28 00:00:00,2022-12-25 00:00:00
1640,30,105700,875.3389555,Female,South,43,Clothing,9.509666935,2021-03-03 00:00:00,2023-03-05 00:00:00
1642,40,73600,1908.79477,Female,East,3,Toys,79.28035348,2022-06-26 00:00:00,2022-06-27 00:00:00
1643,68,105800,435.6377306,Male,East,46,Home & Garden,43.58269113,2021-04-16 00:00:00,2022-05-24 00:00:00
1644,76,48500,1582.075507,Female,East,32,Health,13.19146584,2021-10-22 00:00:00,2022-07-18 00:00:00
1646,36,119000,451.1032214,Male,North,36,Toys,51.42354829,2022-03-27 00:00:00,2023-11-28 00:00:00
1648,49,40100,115.1963576,Female,South,48,Home & Garden,64.17432542,2021-06-05 00:00:00,2023-10-14 00:00:00
1649,47,40400,977.4776797,Male,South,3,Toys,17.60328011,2022-02-10 00:00:00,2022-03-20 00:00:00
1654,47,95800,432.0499485,Male,East,3,Health,40.14538203,2022-01-10 00:00:00,2022-03-10 00:00:00
1656,57,86700,521.6912097,Female,West,10,Electronics,50.91083324,2022-03-31 00:00:00,2023-04-02 00:00:00
1657,36,83900,1792.251587,Male,South,9,Toys,70.89568038,2021-07-21 00:00:00,2023-03-27 00:00:00
1659,18,71400,714.5396936,Female,East,46,Electronics,80.24027817,2021-07-06 00:00:00,2021-09-08 00:00:00
1660,31,83300,1668.733618,Male,East,11,Electronics,62.93625639,2022-08-31 00:00:00,2023-05-19 00:00:00
1661,68,35500,996.9452668,Female,East,33,Home & Garden,78.79702674,2022-12-25 00:00:00,2023-05-18 00:00:00
1662,64,44800,1825.033169,Female,North,36,Clothing,69.67822736,2022-01-03 00:00:00,2023-06-15 00:00:00
1664,19,118200,347.5319012,Male,South,27,Clothing,5.235445019,2021-09-19 00:00:00,2023-05-23 00:00:00
1667,66,29300,1814.152322,Female,West,26,Toys,72.69322966,2022-07-05 00:00:00,2022-09-25 00:00:00
1668,67,106200,129.7815667,Male,East,22,Toys,72.42058227,2021-11-02 00:00:00,2021-12-28 00:00:00
1669,47,54700,1669.407843,Male,West,5,Toys,27.01470805,2022-12-27 00:00:00,2023-11-20 00:00:00
1670,55,111400,926.4537665,Male,East,35,Health,54.24417089,2022-09-30 00:00:00,2023-07-08 00:00:00
1671,68,107500,532.7439779,Female,East,2,Home & Garden,99.22396637,2021-06-14 00:00:00,2023-06-13 00:00:00
1672,21,84800,1759.918117,Male,South,35,Clothing,85.61435981,2022-09-13 00:00:00,2022-09-29 00:00:00
1673,18,63400,409.4011201,Female,South,9,Toys,30.43943526,2021-03-29 00:00:00,2023-01-17 00:00:00
1674,25,84600,1895.653999,Female,South,49,Health,30.10458657,2021-07-19 00:00:00,2022-11-14 00:00:00
1675,46,54600,427.1305456,Female,South,18,Health,48.35772911,2021-09-28 00:00:00,2023-09-30 00:00:00
1677,56,104700,461.7109424,Female,North,12,Home & Garden,37.11530463,2022-05-04 00:00:00,2022-11-24 00:00:00
1678,20,83100,1100.423957,Female,South,3,Toys,62.69719088,2021-07-17 00:00:00,2021-08-03 00:00:00
1679,49,98600,1374.270757,Male,West,18,Health,1.149246963,2021-01-23 00:00:00,2021-04-28 00:00:00
1681,27,22900,1051.35385,Female,South,7,Toys,74.00529967,2021-08-11 00:00:00,2023-06-10 00:00:00
1682,36,66100,948.7382939,Male,North,33,Home & Garden,83.03256806,2021-08-09 00:00:00,2022-03-20 00:00:00
1684,51,42700,1640.249479,Male,West,18,Clothing,56.63996948,2021-09-23 00:00:00,2023-04-09 00:00:00
1686,50,96100,1157.672751,Female,West,22,Electronics,49.23951255,2021-03-18 00:00:00,2022-05-04 00:00:00
1687,40,86700,1039.272785,Male,West,39,Electronics,95.15298364,2022-06-28 00:00:00,2022-08-02 00:00:00
1688,72,119100,1036.255799,Female,West,9,Home & Garden,19.06985298,2022-03-11 00:00:00,2023-01-12 00:00:00
1689,45,100100,232.3003405,Female,West,35,Health,91.56170921,2021-03-06 00:00:00,2021-06-17 00:00:00
1690,49,109400,858.4943783,Female,North,23,Electronics,25.85303613,2021-12-23 00:00:00,2023-08-19 00:00:00
1691,67,63000,915.6861832,Male,East,12,Electronics,10.27233737,2021-01-18 00:00:00,2021-07-19 00:00:00
1692,24,83900,1472.612824,Male,South,24,Toys,43.91044474,2022-11-07 00:00:00,2023-05-14 00:00:00
1693,46,65700,1683.237287,Male,West,40,Health,61.49172424,2022-07-20 00:00:00,2023-01-24 00:00:00
1694,25,27900,1099.064911,Male,North,9,Health,23.09898732,2022-07-29 00:00:00,2023-11-03 00:00:00
1695,18,81900,191.830249,Male,East,13,Toys,55.57962411,2022-03-12 00:00:00,2023-02-13 00:00:00
1697,72,22200,346.5693732,Male,East,42,Clothing,25.70849658,2021-01-09 00:00:00,2021-03-12 00:00:00
1698,20,63800,266.7378251,Male,North,17,Home & Garden,58.03222459,2022-04-15 00:00:00,2023-09-20 00:00:00
1700,40,28300,474.1991343,Female,North,17,Electronics,52.97684675,2021-12-14 00:00:00,2023-03-23 00:00:00
1703,25,40700,54.98668869,Female,South,35,Clothing,99.44828825,2021-06-24 00:00:00,2023-09-15 00:00:00
1705,74,62400,360.9510093,Female,East,19,Clothing,82.44615591,2021-05-10 00:00:00,2021-05-25 00:00:00
1709,68,33900,861.0710162,Female,East,46,Health,22.25537097,2021-12-19 00:00:00,2023-07-15 00:00:00
1710,50,80400,696.6627078,Female,North,45,Health,48.74111779,2021-08-12 00:00:00,2022-09-01 00:00:00
1714,51,83400,1377.590464,Female,South,42,Health,12.76023083,2022-01-03 00:00:00,2022-06-26 00:00:00
1716,49,65100,280.9775232,Female,West,18,Toys,16.72337834,2022-08-13 00:00:00,2023-06-19 00:00:00
1717,41,67000,1776.344634,Male,East,19,Toys,58.6005953,2022-10-14 00:00:00,2023-12-23 00:00:00
1718,31,100600,564.5490495,Female,North,5,Toys,91.75410816,2022-05-15 00:00:00,2023-11-22 00:00:00
1719,49,111600,462.7529872,Male,East,25,Clothing,25.51113872,2021-03-31 00:00:00,2022-07-17 00:00:00
1721,63,34300,1637.872056,Male,South,10,Electronics,17.577251,2021-03-13 00:00:00,2023-10-19 00:00:00
1725,69,67100,175.0373075,Male,North,31,Health,65.51818137,2021-09-20 00:00:00,2023-11-09 00:00:00
1726,54,40000,1155.395014,Male,East,32,Clothing,57.91279168,2021-09-28 00:00:00,2021-12-23 00:00:00
1727,71,30800,214.7229447,Female,South,21,Clothing,14.00004827,2022-05-24 00:00:00,2023-08-17 00:00:00
1729,31,105000,1882.184453,Female,East,18,Electronics,67.13910048,2022-09-09 00:00:00,2022-10-28 00:00:00
1731,72,36700,493.8779274,Female,North,14,Home & Garden,90.80744025,2021-03-13 00:00:00,2023-03-02 00:00:00
1732,65,47100,1255.744572,Female,South,8,Clothing,81.36115153,2021-03-15 00:00:00,2022-05-07 00:00:00
1734,24,27500,1753.856553,Male,East,15,Clothing,40.82518042,2022-05-18 00:00:00,2023-09-14 00:00:00
1736,24,63900,27.33076553,Male,South,36,Toys,2.818405235,2021-05-26 00:00:00,2023-02-19 00:00:00
1737,50,37000,341.8711877,Male,West,1,Toys,44.9895856,2021-02-15 00:00:00,2021-05-17 00:00:00
1738,40,57800,712.0551463,Female,South,21,Health,65.13715524,2021-04-15 00:00:00,2021-08-14 00:00:00
1740,36,77200,1586.89858,Female,West,1,Clothing,26.74553828,2021-11-13 00:00:00,2023-03-23 00:00:00
1741,65,57600,1367.510119,Male,North,32,Clothing,51.35912764,2021-05-01 00:00:00,2022-03-21 00:00:00
1744,53,23900,209.2070258,Male,East,36,Clothing,27.40207174,2021-04-09 00:00:00,2021-09-24 00:00:00
1746,77,100500,1872.141152,Female,North,30,Toys,17.33610125,2021-11-07 00:00:00,2023-07-17 00:00:00
1750,64,105100,111.4690367,Female,West,10,Clothing,37.61817905,2022-01-24 00:00:00,2023-12-01 00:00:00
1751,22,97200,1167.60152,Female,East,8,Clothing,74.32782589,2022-11-28 00:00:00,2022-12-18 00:00:00
1752,37,73500,1826.957953,Female,East,27,Electronics,45.62885986,2021-04-22 00:00:00,2021-05-23 00:00:00
1754,59,77800,33.94497096,Female,North,14,Clothing,91.98767277,2021-04-12 00:00:00,2022-07-19 00:00:00
1756,20,110500,172.0554549,Male,West,11,Toys,20.34951005,2021-01-22 00:00:00,2021-02-02 00:00:00
1759,29,97800,488.8592192,Female,West,33,Clothing,20.60219997,2022-02-04 00:00:00,2022-11-19 00:00:00
1760,37,105100,186.2458756,Male,South,19,Home & Garden,54.57313274,2022-03-30 00:00:00,2023-04-10 00:00:00
1761,22,40500,1544.642032,Male,North,39,Home & Garden,39.10422922,2022-11-30 00:00:00,2023-10-08 00:00:00
1762,54,115800,1267.746668,Female,West,24,Toys,57.29932783,2021-05-23 00:00:00,2023-04-30 00:00:00
1763,55,65500,1977.211159,Female,West,18,Home & Garden,99.68254368,2022-02-01 00:00:00,2023-01-03 00:00:00
1764,47,80200,701.729906,Male,East,35,Health,85.90181544,2022-06-20 00:00:00,2023-04-25 00:00:00
1766,51,46600,1474.01307,Female,West,37,Toys,5.055570954,2021-08-28 00:00:00,2022-09-27 00:00:00
1767,70,42500,1053.032169,Male,West,19,Clothing,61.00794401,2021-10-19 00:00:00,2023-10-29 00:00:00
1768,61,113600,442.1437842,Male,North,24,Clothing,62.62560811,2021-03-23 00:00:00,2022-02-07 00:00:00
1769,52,71100,1567.823398,Female,East,34,Toys,87.81908441,2022-07-14 00:00:00,2023-07-17 00:00:00
1770,69,77700,423.435862,Male,West,22,Clothing,62.90571745,2021-06-20 00:00:00,2022-09-19 00:00:00
1771,75,81000,536.1100766,Female,North,4,Electronics,22.77145385,2022-08-03 00:00:00,2022-09-09 00:00:00
1772,39,55600,203.2065376,Female,West,10,Health,46.85162277,2022-06-10 00:00:00,2023-09-08 00:00:00
1774,41,43100,849.4798634,Male,West,8,Electronics,92.28249646,2021-04-20 00:00:00,2023-12-13 00:00:00
1775,34,45800,1038.832345,Male,North,33,Electronics,23.6915119,2021-07-31 00:00:00,2021-09-04 00:00:00
1778,73,36600,292.7135158,Male,West,28,Home & Garden,49.69996989,2022-12-15 00:00:00,2023-03-10 00:00:00
1779,76,109300,127.6092347,Male,South,10,Clothing,9.011412075,2021-03-25 00:00:00,2022-07-02 00:00:00
1780,63,106600,56.69184252,Male,West,45,Toys,94.172807,2022-01-11 00:00:00,2023-06-10 00:00:00
1781,40,27300,304.3703286,Female,East,1,Home & Garden,63.80564583,2021-02-22 00:00:00,2022-12-30 00:00:00
1783,34,105800,1460.404614,Male,East,3,Health,99.82951742,2021-09-13 00:00:00,2021-10-31 00:00:00
1785,68,25200,502.5422596,Male,North,5,Home & Garden,69.4143415,2021-08-08 00:00:00,2022-11-14 00:00:00
1787,31,110500,976.6065982,Female,West,10,Clothing,57.59381674,2021-04-10 00:00:00,2022-08-26 00:00:00
1788,26,22800,145.1025318,Male,East,12,Clothing,63.96963784,2021-05-09 00:00:00,2023-07-11 00:00:00
1789,57,38400,1230.060216,Male,North,18,Health,40.76710895,2021-08-07 00:00:00,2023-08-29 00:00:00
1792,42,65100,1510.638001,Male,North,1,Clothing,47.66196382,2021-01-22 00:00:00,2021-05-11 00:00:00
1796,39,67200,613.7510515,Male,West,49,Clothing,19.25216409,2021-11-25 00:00:00,2023-07-23 00:00:00
1798,63,117100,1277.160866,Female,East,17,Health,2.099407085,2022-04-25 00:00:00,2022-10-06 00:00:00
1800,43,28800,702.6441385,Male,North,32,Toys,78.14446039,2021-06-28 00:00:00,2023-03-23 00:00:00
1803,62,89100,1630.94545,Female,North,40,Clothing,92.15409432,2021-02-18 00:00:00,2023-03-05 00:00:00
1804,51,32300,1435.606591,Male,South,21,Home & Garden,11.90710007,2021-01-30 00:00:00,2021-12-18 00:00:00
1805,40,47200,512.6181862,Male,East,7,Clothing,16.31398762,2021-03-26 00:00:00,2023-11-03 00:00:00
1808,23,107600,1261.005628,Female,South,39,Health,77.5477743,2021-11-25 00:00:00,2023-12-11 00:00:00
1809,35,108500,77.02633748,Female,West,27,Health,32.41212723,2022-09-02 00:00:00,2023-02-20 00:00:00
1810,38,99000,1294.565217,Female,West,8,Electronics,8.763581778,2022-03-10 00:00:00,2022-11-12 00:00:00
1811,59,53000,568.7458167,Male,West,9,Clothing,61.63800261,2022-08-11 00:00:00,2023-07-22 00:00:00
1812,53,31200,910.3604148,Female,West,28,Electronics,25.68191658,2022-11-18 00:00:00,2023-05-11 00:00:00
1814,55,51900,362.0583774,Female,North,2,Clothing,94.18033596,2021-05-14 00:00:00,2021-10-27 00:00:00
1816,34,62800,1766.311599,Female,West,47,Electronics,92.38344364,2021-12-31 00:00:00,2023-09-05 00:00:00
1818,42,97700,400.845799,Male,West,22,Health,63.33513373,2022-03-01 00:00:00,2023-03-11 00:00:00
1819,55,53900,1440.398093,Female,East,10,Health,89.38899739,2022-02-19 00:00:00,2022-06-18 00:00:00
1821,29,115200,699.8880234,Female,North,7,Clothing,61.4898677,2022-05-27 00:00:00,2023-07-20 00:00:00
1823,70,40600,1385.78667,Female,East,14,Toys,88.21077572,2022-01-23 00:00:00,2023-08-24 00:00:00
1824,59,105800,1892.079824,Female,West,44,Home & Garden,8.818006124,2022-03-25 00:00:00,2022-12-02 00:00:00
1825,39,27300,1271.597841,Female,North,46,Health,33.68593822,2022-07-18 00:00:00,2023-01-24 00:00:00
1826,38,87500,881.8795939,Male,East,36,Home & Garden,39.76847261,2021-10-30 00:00:00,2022-07-29 00:00:00
1827,44,109300,1059.80471,Female,South,13,Home & Garden,90.97096654,2021-04-09 00:00:00,2023-08-15 00:00:00
1828,74,39500,415.2650392,Male,West,16,Electronics,95.60079245,2021-11-02 00:00:00,2023-10-14 00:00:00
1829,48,111200,1506.077444,Female,East,16,Electronics,12.03804647,2022-07-11 00:00:00,2023-02-10 00:00:00
1831,44,33700,308.1242548,Female,South,25,Home & Garden,93.48617943,2022-04-13 00:00:00,2022-07-11 00:00:00
1832,57,53000,1758.397197,Male,East,38,Toys,29.57719014,2022-03-16 00:00:00,2023-06-30 00:00:00
1835,62,33100,778.1479678,Male,North,39,Electronics,27.55959348,2021-02-02 00:00:00,2022-06-07 00:00:00
1836,74,86300,372.2104363,Female,West,48,Health,69.35264272,2022-02-16 00:00:00,2023-08-18 00:00:00
1837,70,104500,716.4058205,Female,East,41,Health,42.60361627,2022-09-18 00:00:00,2023-06-29 00:00:00
1839,27,41700,157.2293906,Male,South,13,Electronics,91.72955966,2022-05-23 00:00:00,2023-10-09 00:00:00
1844,45,55100,1091.651665,Female,South,4,Home & Garden,26.37341869,2021-11-25 00:00:00,2022-12-18 00:00:00
1846,75,56200,1408.265556,Female,East,22,Health,31.02778358,2021-09-27 00:00:00,2022-01-06 00:00:00
1847,63,61600,130.3414117,Female,North,37,Clothing,64.7808798,2021-07-15 00:00:00,2023-09-08 00:00:00
1848,19,45700,1825.22114,Female,North,49,Toys,6.121150699,2022-02-17 00:00:00,2022-11-30 00:00:00
1850,71,20200,1024.631735,Female,South,19,Electronics,13.38729691,2021-03-20 00:00:00,2022-10-27 00:00:00
1852,18,55000,278.7318082,Male,East,29,Toys,38.06630043,2021-03-24 00:00:00,2023-01-02 00:00:00
1853,68,73400,596.1787913,Female,East,23,Electronics,52.75721932,2021-05-17 00:00:00,2021-07-11 00:00:00
1854,70,32200,1740.539028,Female,North,33,Electronics,2.931760878,2022-06-23 00:00:00,2023-04-16 00:00:00
1855,53,95300,1810.816567,Male,East,41,Toys,5.826431354,2022-11-20 00:00:00,2023-12-07 00:00:00
1857,43,105100,1196.390055,Female,East,5,Electronics,76.67705451,2021-11-02 00:00:00,2022-12-28 00:00:00
1859,38,54000,1245.119025,Male,East,6,Toys,73.70186365,2022-01-23 00:00:00,2022-11-27 00:00:00
1862,28,61400,515.6737294,Male,West,49,Clothing,18.17475827,2022-05-21 00:00:00,2023-12-06 00:00:00
1863,53,90500,1666.81477,Male,South,13,Home & Garden,9.801543188,2022-01-23 00:00:00,2022-01-28 00:00:00
1864,66,44700,937.1348839,Male,East,12,Home & Garden,75.71608305,2021-10-20 00:00:00,2023-08-12 00:00:00
1867,57,24200,1281.43006,Female,South,37,Electronics,80.55734528,2022-03-05 00:00:00,2023-02-16 00:00:00
1868,52,46400,1799.362049,Male,West,31,Home & Garden,99.10881551,2022-06-08 00:00:00,2022-12-09 00:00:00
1872,64,65900,928.236129,Female,West,43,Health,81.32531573,2021-01-14 00:00:00,2021-09-20 00:00:00
1873,41,99800,379.6302153,Female,East,8,Clothing,65.01691816,2021-02-23 00:00:00,2023-11-21 00:00:00
1875,39,48000,120.5891276,Female,East,33,Home & Garden,70.3618994,2021-03-06 00:00:00,2022-07-22 00:00:00
1876,22,104900,947.2351711,Female,East,45,Health,32.02586645,2022-01-07 00:00:00,2022-04-25 00:00:00
1877,73,105900,1709.19378,Male,East,29,Electronics,92.42715235,2022-05-18 00:00:00,2023-05-17 00:00:00
1878,50,90600,1868.489303,Female,West,5,Home & Garden,11.52925721,2022-07-24 00:00:00,2023-10-26 00:00:00
1879,75,76200,1866.552371,Female,West,28,Electronics,31.80311841,2021-04-06 00:00:00,2022-12-09 00:00:00
1881,64,30600,776.4666874,Male,North,17,Toys,27.13230476,2021-09-17 00:00:00,2023-11-17 00:00:00
1884,52,20400,730.3364088,Male,South,9,Toys,49.17740638,2021-05-07 00:00:00,2021-11-27 00:00:00
1887,34,33800,871.0924461,Male,North,49,Electronics,26.18505314,2021-09-25 00:00:00,2022-09-05 00:00:00
1890,62,72900,1929.686686,Female,West,30,Health,30.50186489,2021-04-04 00:00:00,2022-04-17 00:00:00
1893,26,21500,1946.231434,Female,North,10,Home & Garden,69.93971075,2021-03-12 00:00:00,2023-03-26 00:00:00
1896,70,36900,218.9059484,Male,North,26,Health,15.69783951,2022-01-02 00:00:00,2022-12-03 00:00:00
1897,26,47800,1028.132772,Female,North,1,Electronics,68.21401729,2022-09-12 00:00:00,2023-04-18 00:00:00
1899,57,84900,825.6588942,Male,East,38,Health,18.11120495,2022-02-14 00:00:00,2023-02-21 00:00:00
1903,78,106000,1605.061488,Female,South,18,Home & Garden,13.55106025,2021-04-20 00:00:00,2023-12-22 00:00:00
1904,60,63600,1694.371341,Male,East,1,Clothing,49.39188342,2022-11-03 00:00:00,2023-06-02 00:00:00
1907,42,31300,429.4593986,Female,West,48,Toys,0.436050334,2021-09-29 00:00:00,2023-07-25 00:00:00
1912,54,57400,612.9262934,Male,North,25,Toys,36.75319479,2021-12-11 00:00:00,2022-07-27 00:00:00
1914,61,92900,1995.995362,Male,North,12,Electronics,74.1451768,2021-03-08 00:00:00,2022-11-14 00:00:00
1916,47,107100,827.7168804,Female,East,25,Toys,93.67135596,2021-02-12 00:00:00,2023-04-17 00:00:00
1919,29,112100,1489.204455,Male,East,29,Toys,60.97114892,2021-08-22 00:00:00,2022-08-28 00:00:00
1920,36,117600,82.3958253,Male,West,11,Toys,59.48770094,2021-07-18 00:00:00,2022-04-10 00:00:00
1921,54,36600,260.7784135,Female,North,4,Clothing,51.00983337,2022-05-12 00:00:00,2022-11-22 00:00:00
1922,61,87000,1273.50855,Female,North,14,Clothing,0.435319149,2021-02-01 00:00:00,2023-10-08 00:00:00
1923,76,39600,1800.067486,Female,West,46,Electronics,55.52382299,2021-09-21 00:00:00,2023-10-11 00:00:00
1924,76,30900,1255.012578,Female,East,38,Health,93.27980569,2021-04-23 00:00:00,2021-06-12 00:00:00
1925,66,92600,285.3692908,Female,North,17,Electronics,33.45776891,2022-04-04 00:00:00,2022-11-30 00:00:00
1926,78,43700,249.2048916,Male,South,2,Electronics,96.75991933,2021-10-03 00:00:00,2021-10-22 00:00:00
1927,34,20900,1691.488074,Female,East,8,Clothing,35.67566792,2021-05-26 00:00:00,2022-08-02 00:00:00
1928,27,51900,295.8186306,Female,West,36,Clothing,13.98545025,2021-12-23 00:00:00,2022-12-02 00:00:00
1929,74,105100,1050.059282,Male,East,10,Health,39.84034149,2021-01-06 00:00:00,2021-10-29 00:00:00
1931,66,102000,179.7261394,Female,South,36,Health,62.94644102,2022-05-09 00:00:00,2022-10-31 00:00:00
1932,64,106800,1351.24957,Female,North,16,Toys,50.4878162,2021-04-18 00:00:00,2021-07-14 00:00:00
1933,29,46100,1384.579193,Female,South,14,Home & Garden,53.67186274,2021-03-12 00:00:00,2023-04-22 00:00:00
1934,79,97800,696.1094251,Male,East,16,Clothing,2.406703836,2021-12-06 00:00:00,2021-12-17 00:00:00
1936,41,27900,1631.146336,Male,South,41,Home & Garden,31.06966579,2021-04-10 00:00:00,2021-07-19 00:00:00
1937,36,110600,449.8643944,Male,North,4,Clothing,98.70885379,2021-11-23 00:00:00,2023-06-03 00:00:00
1938,25,66300,1093.213598,Male,North,29,Home & Garden,29.55677385,2021-02-02 00:00:00,2022-05-23 00:00:00
1939,48,66200,1937.053505,Male,West,6,Electronics,89.65788488,2021-05-23 00:00:00,2023-06-17 00:00:00
1942,40,65300,382.1282451,Male,South,1,Clothing,24.76173991,2022-09-24 00:00:00,2023-01-15 00:00:00
1943,54,95300,1143.537552,Female,East,40,Electronics,27.28283849,2022-11-11 00:00:00,2022-11-29 00:00:00
1944,71,108300,766.4752697,Male,East,3,Health,97.82485939,2021-08-05 00:00:00,2023-07-20 00:00:00
1945,33,110300,1930.558631,Female,South,1,Health,67.42915056,2022-03-10 00:00:00,2022-10-16 00:00:00
1946,23,43000,561.6132174,Male,East,1,Health,93.16809956,2022-12-30 00:00:00,2023-06-21 00:00:00
1947,25,109200,811.3228441,Female,North,39,Home & Garden,83.49950222,2021-02-23 00:00:00,2021-09-29 00:00:00
1949,35,100800,1082.211375,Male,North,45,Home & Garden,67.53879242,2022-08-15 00:00:00,2022-11-17 00:00:00
1950,42,72000,1015.207629,Female,North,30,Home & Garden,62.48371937,2021-05-31 00:00:00,2022-10-14 00:00:00
1951,29,114800,530.4014066,Male,West,32,Electronics,66.62630262,2021-02-24 00:00:00,2021-10-24 00:00:00
1952,32,46000,1408.699849,Male,South,33,Home & Garden,26.47736646,2022-06-01 00:00:00,2023-02-26 00:00:00
1953,76,74900,48.45844452,Female,North,48,Clothing,40.81251342,2022-03-24 00:00:00,2022-09-13 00:00:00
1954,43,118600,118.0350068,Male,North,22,Health,59.26158116,2021-02-04 00:00:00,2023-08-31 00:00:00
1955,58,75400,1206.730003,Male,South,30,Electronics,3.592846506,2021-04-29 00:00:00,2023-05-31 00:00:00
1956,62,30600,696.5156562,Female,North,46,Home & Garden,48.28349014,2021-07-16 00:00:00,2021-12-17 00:00:00
1958,64,115600,1808.317568,Female,East,23,Electronics,49.23677276,2022-05-29 00:00:00,2022-11-10 00:00:00
1960,27,46000,1639.928251,Female,North,25,Electronics,20.19051205,2022-02-26 00:00:00,2022-04-12 00:00:00
1961,33,82200,1341.317062,Male,North,12,Toys,79.4343344,2022-06-01 00:00:00,2023-11-25 00:00:00
1962,24,22000,268.6525634,Female,West,17,Electronics,35.8878288,2022-11-17 00:00:00,2023-01-19 00:00:00
1963,34,34300,1535.775872,Male,West,15,Home & Garden,95.65875535,2021-05-19 00:00:00,2022-08-25 00:00:00
1964,40,107800,436.1800981,Female,West,10,Health,99.37148083,2022-12-06 00:00:00,2023-01-10 00:00:00
1965,43,48300,660.4168531,Male,North,35,Health,91.60005426,2022-10-12 00:00:00,2023-07-20 00:00:00
1966,38,79800,1642.08374,Male,North,29,Health,8.487674482,2022-09-20 00:00:00,2023-12-28 00:00:00
1967,39,65900,1082.320705,Female,West,12,Clothing,33.31831555,2021-02-13 00:00:00,2021-05-11 00:00:00
1970,31,99700,1223.401308,Female,East,10,Toys,91.11835893,2021-09-15 00:00:00,2022-11-18 00:00:00
1971,32,61200,185.9061256,Female,East,18,Clothing,57.25531936,2022-05-28 00:00:00,2023-04-11 00:00:00
1972,70,91300,1293.260767,Female,South,47,Electronics,48.03975882,2022-01-12 00:00:00,2022-10-28 00:00:00
1973,24,85400,1529.817395,Female,West,2,Home & Garden,10.6496317,2021-10-16 00:00:00,2023-12-03 00:00:00
1974,26,96400,1178.16317,Male,North,49,Toys,83.94715423,2022-04-15 00:00:00,2023-05-25 00:00:00
1975,68,108300,547.138373,Male,West,8,Electronics,74.51415484,2021-04-13 00:00:00,2021-10-12 00:00:00
1976,65,24200,82.05848434,Male,East,22,Health,5.887660302,2021-05-29 00:00:00,2023-04-03 00:00:00
1977,25,110300,256.5087902,Male,North,22,Clothing,20.94145896,2021-03-25 00:00:00,2022-07-18 00:00:00
1979,76,80800,1870.152029,Male,West,26,Toys,68.44024021,2021-06-24 00:00:00,2022-07-01 00:00:00
1982,35,87100,1735.573105,Male,East,31,Home & Garden,19.31102117,2022-10-16 00:00:00,2023-02-05 00:00:00
1985,69,101900,1633.730327,Female,South,14,Toys,71.5819573,2021-10-25 00:00:00,2021-11-04 00:00:00
1986,56,88200,536.1368123,Female,North,33,Clothing,73.71069804,2021-05-15 00:00:00,2023-12-31 00:00:00
1987,52,84700,607.8534351,Female,East,7,Toys,79.39953109,2021-02-24 00:00:00,2021-11-03 00:00:00
1988,35,81900,21.24248292,Male,West,24,Electronics,35.65730426,2021-02-25 00:00:00,2022-07-22 00:00:00
1990,59,47000,1836.738891,Male,West,11,Electronics,97.84133943,2022-08-11 00:00:00,2023-10-27 00:00:00
1993,31,39300,906.0557216,Male,North,2,Toys,71.63597857,2021-12-21 00:00:00,2023-08-16 00:00:00
1994,48,101800,221.7456729,Male,East,15,Electronics,90.07947003,2021-05-12 00:00:00,2021-08-05 00:00:00
1997,61,23900,1922.442246,Female,South,28,Toys,91.92962153,2021-04-20 00:00:00,2023-05-14 00:00:00
1998,77,32400,1807.678686,Male,North,39,Toys,94.62329004,2022-08-05 00:00:00,2023-05-24 00:00:00
1999,62,114800,1399.574534,Male,East,44,Home & Garden,48.41391271,2021-05-06 00:00:00,2023-01-23 00:00:00
2000,51,65800,211.3483566,Male,North,4,Toys,37.45509634,2021-10-23 00:00:00,2022-08-17 00:00:00
2001,20,57000,562.8447946,Male,North,10,Electronics,28.27818056,2021-06-28 00:00:00,2022-12-05 00:00:00
2002,54,74400,653.7123192,Female,West,6,Health,49.87515411,2021-07-16 00:00:00,2023-07-14 00:00:00
2003,60,71800,1531.037114,Male,South,30,Toys,93.45311516,2021-04-11 00:00:00,2022-07-07 00:00:00
2004,57,38700,1608.453375,Female,South,46,Toys,14.98096274,2022-07-27 00:00:00,2023-02-22 00:00:00
2006,72,60400,847.4103133,Female,North,49,Home & Garden,91.1607857,2021-01-09 00:00:00,2022-05-28 00:00:00
2007,40,94900,108.1278978,Male,West,43,Toys,34.91192701,2022-02-17 00:00:00,2023-09-11 00:00:00
2008,61,22700,592.4907025,Male,North,10,Clothing,76.8081407,2022-12-19 00:00:00,2023-10-06 00:00:00
2009,56,62200,913.5446508,Female,West,32,Clothing,38.92597862,2022-07-20 00:00:00,2022-08-10 00:00:00
2011,73,75600,917.4695723,Male,South,42,Health,98.100235,2021-04-14 00:00:00,2023-06-26 00:00:00
2012,66,82300,1709.288108,Male,West,3,Health,38.78220106,2021-05-06 00:00:00,2023-08-14 00:00:00
2013,21,35500,1171.015619,Male,North,26,Toys,84.50986546,2022-06-30 00:00:00,2023-01-13 00:00:00
2015,39,23000,399.5092113,Male,East,17,Toys,98.3830143,2021-09-27 00:00:00,2022-08-11 00:00:00
2017,30,21900,735.7445566,Male,South,18,Toys,48.57611205,2021-04-28 00:00:00,2022-04-08 00:00:00
2018,35,113100,730.2794987,Male,South,19,Electronics,30.34015616,2021-04-02 00:00:00,2021-04-04 00:00:00
2019,50,104400,1067.949547,Male,South,12,Home & Garden,31.40187637,2022-09-04 00:00:00,2023-10-18 00:00:00
2021,62,61300,1597.785909,Female,East,5,Clothing,20.05185901,2021-03-28 00:00:00,2022-04-14 00:00:00
2023,61,80300,1614.82324,Male,North,27,Toys,53.63085348,2021-05-04 00:00:00,2023-05-18 00:00:00
2025,19,98900,129.7573181,Male,North,30,Toys,81.05824338,2021-02-01 00:00:00,2023-12-04 00:00:00
2026,72,102800,1117.291549,Female,East,15,Toys,32.24711128,2021-12-23 00:00:00,2023-08-13 00:00:00
2033,30,33000,1064.968889,Male,West,41,Health,88.9411431,2021-04-10 00:00:00,2022-05-15 00:00:00
2034,30,44400,1123.733115,Female,East,32,Electronics,91.36080239,2021-09-01 00:00:00,2023-04-08 00:00:00
2035,35,51000,1957.094999,Male,West,4,Toys,46.07004381,2021-02-27 00:00:00,2021-07-08 00:00:00
2036,49,94000,1550.87203,Male,East,5,Health,80.67817124,2021-12-23 00:00:00,2022-04-05 00:00:00
2038,52,102300,1561.288245,Female,North,22,Health,85.82645485,2021-11-16 00:00:00,2021-12-17 00:00:00
2039,76,104100,357.6653368,Male,South,42,Toys,82.46818842,2021-01-19 00:00:00,2022-08-04 00:00:00
2042,69,71000,1385.37447,Male,South,46,Health,63.99989036,2021-05-16 00:00:00,2022-09-12 00:00:00
2043,46,27700,1757.073278,Male,South,30,Health,0.085729069,2021-10-23 00:00:00,2023-11-11 00:00:00
2045,66,114600,182.3812676,Male,East,16,Toys,40.65675749,2021-04-11 00:00:00,2023-08-02 00:00:00
2046,46,80700,611.0163342,Male,South,15,Home & Garden,51.73432059,2022-01-15 00:00:00,2023-05-05 00:00:00
2047,79,114900,1351.276479,Male,East,5,Health,19.48040798,2021-06-04 00:00:00,2022-04-28 00:00:00
2049,61,22500,570.6620918,Female,South,23,Clothing,81.06198663,2022-08-23 00:00:00,2023-05-09 00:00:00
2050,74,110100,385.1816774,Male,North,10,Clothing,58.58923457,2021-04-15 00:00:00,2023-07-31 00:00:00
2053,61,86400,1467.400491,Female,West,15,Clothing,23.76578115,2021-05-08 00:00:00,2021-12-12 00:00:00
2054,64,64900,171.7123559,Female,South,18,Toys,43.58128411,2022-02-05 00:00:00,2022-06-25 00:00:00
2058,42,24100,586.4580456,Female,South,21,Toys,94.24999299,2022-07-04 00:00:00,2023-03-30 00:00:00
2059,56,30500,1451.081979,Male,North,2,Toys,98.45374591,2021-05-04 00:00:00,2023-11-26 00:00:00
2060,37,83000,1891.70794,Female,North,22,Home & Garden,9.497750805,2021-12-26 00:00:00,2023-01-27 00:00:00
2061,22,113900,1835.812023,Female,South,8,Electronics,33.51934352,2021-03-05 00:00:00,2021-12-17 00:00:00
2063,47,110500,935.9684004,Female,West,32,Electronics,83.42288234,2021-04-12 00:00:00,2021-11-30 00:00:00
2065,20,21200,1372.986198,Female,South,4,Health,62.12617559,2021-10-04 00:00:00,2022-10-29 00:00:00
2066,62,83000,383.4569461,Male,East,30,Health,53.99108657,2021-08-15 00:00:00,2021-10-23 00:00:00
2067,31,115700,1645.420043,Female,East,19,Clothing,71.02535838,2021-01-23 00:00:00,2021-02-14 00:00:00
2069,47,80200,394.1916067,Female,South,18,Toys,13.74933545,2021-03-05 00:00:00,2021-06-24 00:00:00
2070,67,108100,577.9587538,Female,West,29,Toys,1.762000273,2021-06-06 00:00:00,2023-10-01 00:00:00
2072,35,25100,1048.02981,Female,North,33,Toys,90.78344288,2021-05-29 00:00:00,2021-12-07 00:00:00
2074,54,30500,264.6616451,Female,North,18,Health,19.59568211,2022-11-12 00:00:00,2023-01-28 00:00:00
2075,42,93800,264.9078842,Male,West,44,Health,92.60427462,2022-04-09 00:00:00,2022-07-04 00:00:00
2079,63,103200,88.60840543,Female,West,1,Toys,70.0909382,2021-05-12 00:00:00,2022-04-24 00:00:00
2080,32,106400,271.9052761,Male,South,39,Toys,42.20686381,2021-07-16 00:00:00,2022-03-10 00:00:00
2082,32,32700,997.216446,Male,South,39,Toys,74.1439952,2021-02-04 00:00:00,2022-11-24 00:00:00
2083,66,54400,918.074163,Male,East,19,Electronics,4.006056326,2022-02-24 00:00:00,2023-09-18 00:00:00
2084,74,78700,95.33737305,Female,East,31,Health,67.62468121,2022-01-12 00:00:00,2023-07-11 00:00:00
2086,21,86900,1065.5748,Male,South,24,Home & Garden,96.37791364,2021-08-08 00:00:00,2023-04-23 00:00:00
2087,29,46200,420.1202535,Male,East,5,Health,96.66226102,2022-11-28 00:00:00,2023-03-12 00:00:00
2090,54,25300,1677.580689,Female,West,1,Clothing,14.13573749,2021-12-08 00:00:00,2022-06-17 00:00:00
2091,78,27700,1733.283227,Female,South,33,Health,6.645652596,2022-02-20 00:00:00,2022-08-15 00:00:00
2092,54,63400,1213.635833,Male,South,33,Toys,43.27798723,2022-04-01 00:00:00,2023-04-19 00:00:00
2093,60,35000,1460.522126,Female,North,32,Electronics,68.98820108,2021-10-24 00:00:00,2022-07-03 00:00:00
2094,77,96200,248.0084591,Male,East,28,Electronics,56.77611223,2021-11-27 00:00:00,2023-11-04 00:00:00
2096,56,117100,1340.592093,Male,West,41,Clothing,81.81125468,2022-11-11 00:00:00,2023-05-26 00:00:00
2097,73,21100,417.411429,Male,North,12,Toys,79.44274722,2021-12-05 00:00:00,2022-11-09 00:00:00
2098,63,30200,1762.706371,Male,West,9,Clothing,73.19420551,2021-10-25 00:00:00,2022-10-24 00:00:00
2099,41,102600,406.0935403,Male,West,11,Clothing,7.703224815,2022-11-08 00:00:00,2022-11-15 00:00:00
2100,28,116100,640.6851725,Male,South,33,Health,79.64696279,2021-11-08 00:00:00,2021-12-02 00:00:00
2102,30,110700,1283.933129,Male,East,42,Health,5.944208829,2021-02-24 00:00:00,2023-05-21 00:00:00
2105,24,109200,1701.939571,Male,East,31,Health,59.92388585,2021-04-15 00:00:00,2022-10-05 00:00:00
2106,69,63600,1075.037322,Female,West,2,Home & Garden,51.35774021,2021-06-24 00:00:00,2023-08-21 00:00:00
2107,21,49100,953.2171523,Female,East,19,Toys,17.74461475,2021-10-21 00:00:00,2023-08-26 00:00:00
2110,37,102300,253.6519327,Male,South,10,Electronics,12.74430556,2022-03-26 00:00:00,2022-06-05 00:00:00
2114,68,111900,819.1792726,Male,South,30,Electronics,97.36483661,2022-01-25 00:00:00,2023-09-25 00:00:00
2115,62,112800,1987.284782,Male,North,11,Electronics,46.95770484,2021-07-31 00:00:00,2022-05-12 00:00:00
2116,63,106700,366.2701937,Male,South,41,Home & Garden,63.23683319,2022-10-29 00:00:00,2023-08-22 00:00:00
2118,60,32900,363.3242111,Male,West,20,Home & Garden,13.84538537,2022-06-19 00:00:00,2022-07-31 00:00:00
2121,43,24500,1366.343986,Male,North,15,Health,11.16268085,2022-12-22 00:00:00,2023-02-18 00:00:00
2122,58,83700,421.6888883,Female,South,34,Home & Garden,45.91729417,2021-05-02 00:00:00,2023-09-12 00:00:00
2123,66,90900,1496.344098,Female,West,24,Home & Garden,65.88872658,2021-09-10 00:00:00,2022-01-08 00:00:00
2124,75,104000,1991.325738,Female,West,33,Clothing,35.4923271,2021-05-21 00:00:00,2022-04-14 00:00:00
2126,73,63500,997.0903962,Female,North,41,Clothing,81.8963368,2021-06-02 00:00:00,2022-06-16 00:00:00
2127,23,113900,1847.884497,Female,North,45,Clothing,36.31033206,2022-12-27 00:00:00,2023-09-15 00:00:00
2128,22,58600,51.38664762,Male,North,40,Toys,19.43209734,2021-11-04 00:00:00,2022-07-16 00:00:00
2130,71,111500,1779.718103,Male,North,21,Health,21.45542076,2021-11-13 00:00:00,2022-01-04 00:00:00
2132,40,93300,911.1270574,Male,West,35,Toys,66.82893861,2021-10-23 00:00:00,2021-12-10 00:00:00
2134,26,102000,1141.705968,Female,East,4,Home & Garden,22.75620303,2022-08-04 00:00:00,2023-07-06 00:00:00
2136,37,66300,619.1939022,Male,South,48,Home & Garden,1.96034209,2021-10-09 00:00:00,2023-02-15 00:00:00
2137,75,27400,930.763706,Male,West,16,Electronics,22.80877683,2021-07-27 00:00:00,2023-12-17 00:00:00
2138,66,99100,573.0921808,Female,West,31,Electronics,2.39053525,2022-07-06 00:00:00,2022-11-17 00:00:00
2142,52,61100,39.82061291,Male,East,33,Home & Garden,38.37267595,2022-10-10 00:00:00,2023-08-06 00:00:00
2145,79,112300,676.6825315,Female,North,47,Home & Garden,20.9348116,2021-11-29 00:00:00,2021-12-23 00:00:00
2148,20,88900,1008.235143,Male,South,42,Electronics,14.70300092,2021-04-16 00:00:00,2022-03-10 00:00:00
2149,49,27300,238.0817202,Male,West,15,Home & Garden,34.96017324,2021-04-11 00:00:00,2023-04-21 00:00:00
2150,52,45400,791.2417314,Male,North,6,Electronics,22.43783339,2021-12-25 00:00:00,2023-10-21 00:00:00
2152,30,33300,51.07789308,Male,South,24,Electronics,98.33675604,2022-09-10 00:00:00,2023-06-03 00:00:00
2153,73,96800,732.9972689,Female,West,49,Electronics,2.549138903,2022-01-30 00:00:00,2023-02-17 00:00:00
2154,78,116000,197.8478163,Male,East,28,Electronics,69.00201373,2021-02-04 00:00:00,2022-05-07 00:00:00
2156,42,87200,203.1829099,Male,South,1,Electronics,6.640864387,2021-09-30 00:00:00,2023-03-24 00:00:00
2160,54,45500,24.32460286,Male,East,48,Toys,99.45438921,2022-09-13 00:00:00,2023-06-27 00:00:00
2161,51,55600,1284.57182,Female,West,8,Electronics,44.23771676,2021-11-02 00:00:00,2022-12-16 00:00:00
2162,28,38500,299.6625221,Male,North,1,Clothing,18.75977518,2022-09-18 00:00:00,2023-08-02 00:00:00
2164,73,51200,205.3931288,Female,South,43,Clothing,92.64922164,2022-04-07 00:00:00,2022-06-30 00:00:00
2165,20,84500,1911.025111,Female,West,49,Home & Garden,81.56210308,2021-09-09 00:00:00,2022-08-22 00:00:00
2167,45,67500,22.51079229,Male,North,10,Electronics,33.46996945,2021-07-28 00:00:00,2021-09-16 00:00:00
2169,26,36000,1052.989367,Male,South,41,Health,20.12993486,2022-06-23 00:00:00,2023-04-05 00:00:00
2170,20,102800,540.086076,Male,South,7,Home & Garden,44.68102542,2022-05-18 00:00:00,2023-08-30 00:00:00
2171,42,32400,1539.212771,Male,East,12,Home & Garden,95.619987,2022-05-29 00:00:00,2023-07-09 00:00:00
2173,29,22200,977.7078298,Male,West,40,Toys,82.82830452,2021-05-28 00:00:00,2023-06-18 00:00:00
2175,26,55100,1582.111345,Male,North,5,Electronics,68.38230275,2021-03-24 00:00:00,2023-03-09 00:00:00
2176,32,112500,1369.935286,Female,South,14,Home & Garden,86.24381434,2021-02-11 00:00:00,2022-04-01 00:00:00
2180,28,52900,1864.685315,Female,West,35,Home & Garden,55.99116862,2022-09-11 00:00:00,2023-02-28 00:00:00
2182,51,34400,550.5266452,Male,South,36,Clothing,42.51028007,2021-07-07 00:00:00,2022-09-28 00:00:00
2184,77,91900,1140.169212,Male,South,19,Home & Garden,47.19350528,2022-09-16 00:00:00,2023-11-30 00:00:00
2186,55,22600,1565.533997,Female,South,5,Clothing,56.12538208,2022-05-22 00:00:00,2023-08-17 00:00:00
2187,25,68600,735.9824905,Female,North,19,Health,12.57969924,2021-05-13 00:00:00,2022-05-16 00:00:00
2188,76,111700,824.7087112,Female,South,43,Home & Garden,94.99762735,2021-09-28 00:00:00,2022-01-08 00:00:00
2189,22,82100,1622.551698,Male,North,39,Home & Garden,85.98228815,2022-09-14 00:00:00,2023-12-28 00:00:00
2190,65,86800,770.9811156,Female,South,5,Health,15.55653971,2021-03-14 00:00:00,2023-08-28 00:00:00
2191,43,101300,113.5052555,Female,West,12,Electronics,17.23929227,2022-03-12 00:00:00,2022-05-30 00:00:00
2192,35,81800,369.3507455,Male,West,19,Clothing,51.24386745,2021-10-20 00:00:00,2021-12-30 00:00:00
2193,23,104800,1912.688281,Male,North,47,Electronics,77.2881387,2022-10-17 00:00:00,2023-02-16 00:00:00
2194,54,31100,159.4026176,Male,South,12,Toys,21.90793357,2022-03-13 00:00:00,2023-02-13 00:00:00
2196,65,43500,1016.294751,Male,West,12,Toys,54.55342766,2022-10-23 00:00:00,2023-03-05 00:00:00
2197,30,20200,996.6960381,Female,South,18,Home & Garden,69.15971141,2021-03-01 00:00:00,2023-08-20 00:00:00
2200,30,104600,779.8694668,Male,South,43,Home & Garden,95.06437849,2021-11-23 00:00:00,2022-07-25 00:00:00
2201,34,76400,1944.717084,Male,East,34,Home & Garden,13.70744427,2021-07-01 00:00:00,2023-11-28 00:00:00
2204,62,112500,850.5733405,Male,West,49,Toys,20.66610072,2022-09-30 00:00:00,2023-03-27 00:00:00
2205,49,52900,793.5732035,Female,North,18,Home & Garden,8.981935346,2021-03-24 00:00:00,2021-04-28 00:00:00
2206,79,96300,1338.345039,Female,East,29,Home & Garden,40.40066231,2021-01-28 00:00:00,2022-02-25 00:00:00
2207,46,110100,446.7154579,Male,West,45,Clothing,82.08317904,2021-09-23 00:00:00,2022-06-25 00:00:00
2208,68,36400,457.7216746,Female,East,5,Electronics,57.71304505,2021-10-10 00:00:00,2023-07-19 00:00:00
2209,75,27000,1463.837678,Female,South,25,Clothing,22.25848372,2022-02-01 00:00:00,2022-11-30 00:00:00
2213,51,113500,391.3039014,Female,North,33,Health,34.27340274,2021-11-15 00:00:00,2023-11-09 00:00:00
2215,44,113800,201.0240123,Male,North,37,Clothing,90.37325357,2021-07-12 00:00:00,2022-11-02 00:00:00
2218,50,52200,588.586235,Male,South,11,Electronics,1.40812855,2021-07-01 00:00:00,2022-04-06 00:00:00
2222,33,56500,93.69897505,Male,West,21,Electronics,53.16624729,2021-07-22 00:00:00,2023-09-30 00:00:00
2223,57,106500,1836.849379,Female,East,20,Electronics,35.26165997,2022-02-06 00:00:00,2023-02-27 00:00:00
2226,76,64100,1767.989862,Male,West,47,Health,53.46126743,2022-10-08 00:00:00,2022-10-18 00:00:00
2227,76,34000,956.5213755,Female,East,36,Toys,88.83219266,2021-06-28 00:00:00,2023-09-24 00:00:00
2229,58,98600,397.3405721,Female,East,47,Toys,73.91028575,2021-01-18 00:00:00,2023-01-06 00:00:00
2234,70,92700,695.0766473,Female,South,6,Electronics,41.69886033,2022-01-28 00:00:00,2023-11-15 00:00:00
2235,59,61500,1801.035275,Female,South,37,Electronics,76.42872318,2021-10-27 00:00:00,2022-08-29 00:00:00
2236,53,109100,1882.942215,Male,North,2,Toys,39.49749995,2021-12-17 00:00:00,2023-10-11 00:00:00
2237,44,41200,1348.312476,Female,West,12,Toys,65.01792222,2021-07-06 00:00:00,2023-05-12 00:00:00
2240,24,64000,1674.369645,Male,South,13,Toys,79.75145596,2022-02-13 00:00:00,2023-10-08 00:00:00
2241,22,49400,1923.993262,Female,West,17,Home & Garden,33.8925717,2021-03-12 00:00:00,2021-12-09 00:00:00
2242,60,66400,1554.661965,Female,West,31,Clothing,25.61070605,2021-11-23 00:00:00,2022-08-16 00:00:00
2243,62,112400,1251.434733,Male,North,16,Clothing,22.24461678,2021-07-31 00:00:00,2023-06-11 00:00:00
2245,74,67900,1701.950405,Female,East,26,Clothing,73.71240728,2021-04-18 00:00:00,2022-12-08 00:00:00
2246,68,117500,1091.583456,Female,North,28,Health,88.75092611,2021-06-26 00:00:00,2023-12-02 00:00:00
2247,48,69300,1611.642575,Male,South,1,Health,23.06484742,2022-03-03 00:00:00,2023-01-27 00:00:00
2248,40,67300,1027.592805,Female,North,47,Home & Garden,8.52402978,2022-06-15 00:00:00,2022-08-13 00:00:00
2250,27,23500,780.2150776,Male,East,37,Health,65.78472389,2021-09-05 00:00:00,2023-07-16 00:00:00
2251,49,75000,899.9930962,Female,West,20,Home & Garden,36.85200922,2021-07-28 00:00:00,2022-09-29 00:00:00
2253,70,28400,222.9427318,Male,East,36,Electronics,74.43049657,2022-12-14 00:00:00,2023-11-17 00:00:00
2256,48,105000,619.8314324,Male,South,22,Health,29.79492602,2021-11-07 00:00:00,2022-12-16 00:00:00
2257,35,56400,1494.302012,Male,South,44,Clothing,97.82483519,2022-01-18 00:00:00,2022-04-02 00:00:00
2258,53,69200,1929.575716,Male,North,32,Home & Garden,20.30296652,2021-09-28 00:00:00,2023-06-11 00:00:00
2259,19,100300,1441.383749,Female,West,20,Health,11.09317433,2021-05-01 00:00:00,2023-04-19 00:00:00
2260,31,28700,1985.398586,Male,South,36,Clothing,75.08306251,2022-02-11 00:00:00,2022-10-16 00:00:00
2261,30,111100,1402.709183,Female,East,33,Toys,70.23096567,2021-09-02 00:00:00,2022-10-26 00:00:00
2262,46,50100,601.7130519,Male,West,15,Toys,81.11693472,2021-03-07 00:00:00,2023-02-04 00:00:00
2263,29,25700,1350.66403,Female,South,46,Electronics,34.35904217,2021-08-16 00:00:00,2023-12-27 00:00:00
2264,56,76100,1410.270395,Male,North,3,Home & Garden,93.08076539,2021-05-17 00:00:00,2021-06-25 00:00:00
2265,19,22000,756.0194295,Female,East,29,Clothing,11.94814284,2021-07-13 00:00:00,2022-05-25 00:00:00
2268,63,32300,62.96618865,Male,West,5,Toys,79.73244634,2022-10-19 00:00:00,2023-04-18 00:00:00
2269,44,85800,1269.752395,Male,South,31,Clothing,67.29823073,2022-05-04 00:00:00,2023-09-29 00:00:00
2271,58,30800,1139.894985,Female,East,35,Toys,25.62536142,2021-12-20 00:00:00,2022-11-17 00:00:00
2273,57,49000,46.75701177,Female,East,6,Health,33.75055784,2022-07-10 00:00:00,2022-08-29 00:00:00
2274,48,90500,738.4743177,Male,East,26,Clothing,46.00197678,2021-06-06 00:00:00,2023-12-12 00:00:00
2276,77,96700,1700.240973,Female,South,19,Health,64.59719549,2021-01-16 00:00:00,2021-12-05 00:00:00
2277,41,57200,1779.511385,Female,North,7,Electronics,94.73449029,2021-03-19 00:00:00,2022-01-09 00:00:00
2278,62,104700,978.0229407,Female,North,36,Health,10.03959191,2021-02-21 00:00:00,2022-08-03 00:00:00
2279,52,91700,1462.276525,Male,North,12,Health,33.63401229,2022-05-29 00:00:00,2022-06-01 00:00:00
2281,23,78700,697.5290834,Female,West,23,Home & Garden,67.06957939,2021-03-02 00:00:00,2023-04-17 00:00:00
2282,36,81800,405.037768,Male,West,25,Toys,49.54516914,2021-05-12 00:00:00,2022-07-24 00:00:00
2287,49,111000,1421.351351,Female,North,41,Clothing,75.34955615,2022-02-14 00:00:00,2023-01-19 00:00:00
2288,51,20200,732.7849892,Female,South,19,Home & Garden,71.57876963,2021-06-04 00:00:00,2023-09-25 00:00:00
2290,77,32900,864.0694805,Male,West,1,Electronics,5.890866107,2021-02-20 00:00:00,2023-03-16 00:00:00
2291,32,59100,895.8242069,Female,West,41,Clothing,57.87178554,2021-04-05 00:00:00,2021-06-19 00:00:00
2292,47,85100,1343.968352,Female,West,15,Home & Garden,63.5738832,2022-11-19 00:00:00,2023-07-07 00:00:00
2295,39,60200,1745.547313,Female,East,15,Health,30.58315291,2021-12-21 00:00:00,2022-03-27 00:00:00
2296,21,56500,490.2223639,Female,North,39,Home & Garden,93.13056456,2021-02-14 00:00:00,2022-10-05 00:00:00
2297,37,50700,1958.260721,Female,North,22,Clothing,21.91998034,2021-07-24 00:00:00,2023-02-19 00:00:00
2299,53,67900,549.1721966,Female,West,16,Clothing,51.81339133,2021-09-13 00:00:00,2022-01-02 00:00:00
2301,21,29400,206.9070023,Male,West,36,Health,51.69985832,2022-06-17 00:00:00,2023-03-31 00:00:00
2302,44,62100,268.8976949,Female,West,20,Toys,9.947214992,2021-02-10 00:00:00,2021-08-27 00:00:00
2304,29,79200,1529.640153,Male,North,3,Electronics,56.55235304,2021-10-04 00:00:00,2022-12-05 00:00:00
2305,39,53300,1802.618234,Male,South,30,Home & Garden,1.042722733,2021-07-14 00:00:00,2023-07-31 00:00:00
2306,34,34700,1336.339622,Female,West,2,Electronics,20.46928296,2021-03-12 00:00:00,2022-06-25 00:00:00
2307,27,47100,228.3347194,Male,North,35,Health,77.62250529,2021-09-27 00:00:00,2022-09-25 00:00:00
2310,39,64000,1615.412558,Female,East,2,Clothing,31.19986144,2021-11-04 00:00:00,2023-05-19 00:00:00
2311,43,92400,1653.99236,Male,North,20,Health,92.15268564,2022-03-03 00:00:00,2022-06-07 00:00:00
2312,73,115500,1739.04209,Female,South,34,Electronics,53.65770178,2021-07-18 00:00:00,2022-10-13 00:00:00
2313,76,20800,839.9803989,Male,East,34,Clothing,69.61735149,2021-03-17 00:00:00,2023-08-17 00:00:00
2315,67,24500,551.1357107,Male,South,25,Health,4.033598753,2022-06-09 00:00:00,2023-05-07 00:00:00
2318,46,25000,40.02657469,Female,South,14,Toys,68.76805412,2021-03-26 00:00:00,2023-03-29 00:00:00
2321,76,64000,904.6316795,Female,West,43,Electronics,65.41174842,2022-01-06 00:00:00,2023-12-15 00:00:00
2324,78,62300,1840.877118,Female,East,12,Health,85.45050923,2021-01-01 00:00:00,2022-08-05 00:00:00
2325,29,43200,636.1655809,Male,East,48,Health,56.39461283,2022-01-12 00:00:00,2022-09-21 00:00:00
2327,46,71800,1699.994776,Male,North,2,Clothing,30.72422507,2022-09-27 00:00:00,2022-12-22 00:00:00
2328,28,61200,1813.917761,Male,North,16,Health,37.19549577,2021-07-19 00:00:00,2023-10-31 00:00:00
2331,64,71800,528.6902837,Male,West,43,Health,59.24394501,2022-02-02 00:00:00,2022-07-03 00:00:00
2332,32,22800,1605.589322,Female,West,38,Home & Garden,8.362766318,2021-08-04 00:00:00,2023-12-29 00:00:00
2334,68,75500,1016.956752,Female,West,42,Home & Garden,44.41153695,2022-08-03 00:00:00,2022-11-17 00:00:00
2335,28,58800,139.014941,Male,North,24,Toys,76.51013502,2022-08-17 00:00:00,2023-08-31 00:00:00
2336,75,96100,1833.551226,Female,South,30,Home & Garden,1.261986209,2022-10-16 00:00:00,2023-12-05 00:00:00
2337,40,45400,1238.593812,Male,West,37,Clothing,2.873969697,2021-02-10 00:00:00,2022-09-27 00:00:00
2338,43,116400,401.5283675,Male,South,39,Electronics,17.07829588,2021-01-03 00:00:00,2022-01-17 00:00:00
2339,51,31100,1220.644512,Male,East,11,Home & Garden,21.09165561,2021-04-04 00:00:00,2023-11-17 00:00:00
2340,63,96900,1361.377441,Female,East,14,Electronics,76.39555303,2021-02-28 00:00:00,2022-12-06 00:00:00
2341,51,57600,1061.025267,Male,West,23,Toys,70.6694164,2022-02-11 00:00:00,2022-05-12 00:00:00
2342,46,57000,1441.841441,Male,East,16,Toys,61.60881191,2021-01-18 00:00:00,2023-05-02 00:00:00
2343,21,68000,1171.278817,Male,South,21,Clothing,88.48588965,2022-05-09 00:00:00,2022-12-08 00:00:00
2344,34,26500,1896.583772,Male,East,4,Clothing,24.71487837,2022-05-23 00:00:00,2023-12-09 00:00:00
2347,58,22400,363.8698412,Male,East,14,Toys,43.42597602,2021-06-18 00:00:00,2022-06-10 00:00:00
2348,56,69700,1386.53872,Female,West,19,Electronics,9.438620042,2022-11-03 00:00:00,2023-12-03 00:00:00
2349,32,108000,1298.279828,Female,South,5,Health,72.65599082,2022-11-12 00:00:00,2023-01-22 00:00:00
2352,46,111900,1026.543865,Female,North,45,Toys,16.36902839,2022-05-20 00:00:00,2023-04-16 00:00:00
2353,28,47000,1983.826949,Female,South,18,Clothing,53.95151136,2021-12-12 00:00:00,2022-05-02 00:00:00
2357,64,65100,1304.495575,Male,East,21,Health,8.475531345,2021-03-28 00:00:00,2021-12-17 00:00:00
2358,31,100000,1459.991571,Female,East,47,Clothing,46.47403095,2021-04-05 00:00:00,2023-01-31 00:00:00
2359,37,47200,1274.833093,Male,East,30,Electronics,84.29045586,2022-03-04 00:00:00,2023-05-13 00:00:00
2361,28,44200,897.0430013,Female,West,4,Health,76.48619872,2022-03-26 00:00:00,2023-12-02 00:00:00
2362,44,108000,1131.647988,Female,North,5,Toys,18.34274156,2022-09-18 00:00:00,2023-10-27 00:00:00
2364,34,113400,898.4185826,Female,West,45,Health,91.55373999,2022-12-16 00:00:00,2023-06-30 00:00:00
2365,79,28100,1839.119664,Female,East,10,Electronics,32.39280816,2021-01-02 00:00:00,2021-12-04 00:00:00
2366,61,85000,891.9409616,Male,North,27,Electronics,90.04116381,2021-03-19 00:00:00,2023-12-29 00:00:00
2367,73,88900,1106.584121,Female,West,16,Home & Garden,50.54209265,2021-11-20 00:00:00,2023-06-01 00:00:00
2368,45,53700,1596.645652,Female,North,30,Health,31.68051332,2021-04-08 00:00:00,2022-06-23 00:00:00
2369,46,29300,1174.474015,Female,South,13,Toys,89.65082351,2022-09-21 00:00:00,2023-01-07 00:00:00
2370,38,62300,1921.231783,Male,East,36,Toys,3.203726677,2021-04-20 00:00:00,2022-03-19 00:00:00
2371,64,67700,1327.464944,Female,North,21,Clothing,2.801885127,2022-11-10 00:00:00,2023-07-13 00:00:00
2372,33,68100,1054.964719,Male,South,45,Home & Garden,59.98296042,2022-04-02 00:00:00,2023-07-09 00:00:00
2375,37,109300,612.5118701,Female,West,15,Toys,7.946950335,2021-12-03 00:00:00,2022-01-03 00:00:00
2377,36,75700,432.3897968,Female,East,20,Electronics,70.30635376,2021-01-22 00:00:00,2022-10-18 00:00:00
2380,20,74400,268.718914,Female,East,32,Home & Garden,69.3939128,2021-09-29 00:00:00,2023-08-17 00:00:00
2381,76,112100,635.7938673,Male,West,6,Home & Garden,85.99387467,2022-05-05 00:00:00,2022-08-15 00:00:00
2385,55,54700,1598.726875,Female,South,13,Health,31.5613626,2022-01-12 00:00:00,2023-05-03 00:00:00
2386,32,89000,553.4474209,Male,South,29,Home & Garden,92.03285766,2021-08-20 00:00:00,2022-09-16 00:00:00
2387,51,52200,1777.134548,Male,East,5,Toys,96.96597465,2022-08-15 00:00:00,2023-06-09 00:00:00
2389,52,78900,685.9645389,Female,South,13,Electronics,13.63900396,2021-02-24 00:00:00,2023-05-20 00:00:00
2391,42,97300,223.7520749,Male,West,31,Clothing,92.96652663,2021-02-03 00:00:00,2022-12-27 00:00:00
2392,41,40200,1465.657772,Male,West,20,Health,60.07136437,2021-11-25 00:00:00,2022-01-24 00:00:00
2393,29,64400,786.7471754,Female,South,8,Clothing,63.45189544,2022-03-30 00:00:00,2023-08-02 00:00:00
2395,32,109800,995.9346455,Female,East,21,Clothing,15.30848188,2022-03-06 00:00:00,2022-04-20 00:00:00
2396,61,61100,378.1315584,Female,East,20,Clothing,97.34688965,2022-04-21 00:00:00,2023-01-26 00:00:00
2397,33,40000,1474.828386,Male,North,15,Toys,36.43293847,2021-05-05 00:00:00,2022-08-26 00:00:00
2398,44,106600,519.2450326,Female,West,26,Health,62.82404259,2022-06-07 00:00:00,2023-07-15 00:00:00
2399,25,56000,991.8043965,Male,South,42,Toys,46.86160205,2022-04-27 00:00:00,2023-10-27 00:00:00
2400,77,55800,169.5558729,Female,North,11,Electronics,46.81809798,2021-11-13 00:00:00,2023-03-04 00:00:00
2401,63,54700,1243.375976,Female,East,37,Electronics,70.27443721,2021-05-02 00:00:00,2022-02-16 00:00:00
2402,42,55800,1338.398377,Female,North,41,Clothing,99.46622989,2022-07-01 00:00:00,2022-10-24 00:00:00
2404,46,113600,1909.757105,Female,South,27,Toys,79.40591316,2021-11-09 00:00:00,2023-02-25 00:00:00
2405,70,96600,1750.854465,Female,West,30,Toys,2.761605726,2022-05-02 00:00:00,2022-08-08 00:00:00
2406,25,37400,1421.723013,Male,East,19,Health,81.04273691,2022-10-13 00:00:00,2023-08-17 00:00:00
2407,32,96700,1433.031107,Male,East,34,Home & Garden,29.99758818,2021-01-12 00:00:00,2022-05-15 00:00:00
2408,44,101500,519.7553956,Female,North,38,Home & Garden,12.6701845,2021-05-05 00:00:00,2022-08-03 00:00:00
2409,63,66000,1320.494158,Male,East,23,Home & Garden,11.33340854,2022-10-21 00:00:00,2023-03-27 00:00:00
2410,67,86100,412.4484052,Female,North,1,Health,67.98748142,2021-03-18 00:00:00,2023-12-23 00:00:00
2411,69,64600,305.1263834,Male,South,3,Toys,99.7616836,2022-08-03 00:00:00,2023-02-19 00:00:00
2412,24,107800,1998.946431,Male,South,3,Home & Garden,66.61950984,2022-12-19 00:00:00,2023-08-01 00:00:00
2413,20,46100,1252.304344,Female,South,28,Toys,26.23481501,2021-08-24 00:00:00,2021-09-22 00:00:00
2415,61,104900,590.5657553,Female,South,30,Home & Garden,52.59570993,2021-09-11 00:00:00,2022-11-26 00:00:00
2416,70,79100,1215.762478,Male,North,5,Clothing,6.503929935,2022-02-10 00:00:00,2023-09-19 00:00:00
2417,41,59200,118.1951463,Female,South,49,Health,39.93308329,2021-08-31 00:00:00,2023-07-07 00:00:00
2418,77,52900,207.4683612,Male,North,15,Electronics,66.6234904,2022-04-06 00:00:00,2023-01-18 00:00:00
2421,37,37000,1209.201126,Female,North,14,Health,20.02239404,2021-08-08 00:00:00,2023-05-07 00:00:00
2422,63,82600,143.7099275,Male,North,49,Home & Garden,81.73624034,2021-08-13 00:00:00,2021-10-14 00:00:00
2423,32,58800,1448.024446,Female,East,8,Clothing,74.41995249,2021-04-11 00:00:00,2023-08-10 00:00:00
2428,34,87200,1768.722245,Female,North,29,Electronics,15.80423198,2021-11-27 00:00:00,2021-11-28 00:00:00
2429,79,96600,1897.433043,Female,West,41,Clothing,67.14508192,2021-08-25 00:00:00,2023-07-01 00:00:00
2430,61,26900,983.7670757,Female,East,11,Electronics,23.71844615,2021-12-05 00:00:00,2023-12-02 00:00:00
2431,37,61700,1410.603459,Male,West,45,Home & Garden,50.01590063,2022-05-21 00:00:00,2022-10-07 00:00:00
2433,26,41900,726.0856475,Male,East,27,Home & Garden,48.85860526,2022-10-31 00:00:00,2023-05-26 00:00:00
2435,65,73000,1894.265174,Female,West,26,Health,42.63349054,2022-12-29 00:00:00,2023-03-22 00:00:00
2436,74,104500,1458.080931,Female,East,37,Electronics,99.93529299,2021-08-06 00:00:00,2023-01-18 00:00:00
2437,77,80600,454.9706241,Female,West,48,Health,43.58282342,2022-01-11 00:00:00,2023-08-17 00:00:00
2438,39,92100,909.1851175,Female,North,9,Health,14.93794786,2021-01-12 00:00:00,2023-11-23 00:00:00
2440,70,119200,1103.184722,Male,East,32,Clothing,74.25931846,2021-03-24 00:00:00,2023-10-17 00:00:00
2442,19,27500,1512.46104,Female,South,32,Home & Garden,46.01032992,2022-09-17 00:00:00,2023-04-14 00:00:00
2448,25,71900,732.3830385,Female,West,13,Health,57.59107584,2021-05-21 00:00:00,2021-06-22 00:00:00
2449,38,32300,823.5079426,Male,North,43,Toys,0.464816893,2022-12-21 00:00:00,2023-01-30 00:00:00
2452,35,99000,551.6397362,Female,East,42,Clothing,14.4992042,2022-04-01 00:00:00,2022-09-07 00:00:00
2456,55,57100,568.3701439,Female,North,18,Home & Garden,84.37913445,2021-12-21 00:00:00,2022-10-13 00:00:00
2458,28,85200,1417.850827,Male,West,48,Home & Garden,98.63296546,2021-05-29 00:00:00,2023-07-09 00:00:00
2459,62,86500,491.6546822,Male,East,38,Clothing,28.16818336,2021-07-29 00:00:00,2023-06-26 00:00:00
2460,42,47600,789.5760063,Female,East,48,Toys,31.53253554,2021-04-22 00:00:00,2022-11-03 00:00:00
2461,50,93500,898.5288651,Male,West,16,Home & Garden,90.28780011,2022-10-16 00:00:00,2022-10-29 00:00:00
2462,77,72200,1784.801593,Male,West,33,Home & Garden,23.40790592,2022-06-20 00:00:00,2023-03-11 00:00:00
2463,55,119600,834.4339749,Female,North,3,Clothing,54.7900957,2021-02-18 00:00:00,2021-11-13 00:00:00
2464,58,63400,307.5455394,Female,East,38,Electronics,70.73449592,2021-11-27 00:00:00,2023-03-04 00:00:00
2465,25,44100,1058.143578,Male,North,4,Electronics,27.18842453,2021-12-31 00:00:00,2022-07-30 00:00:00
2466,28,95600,1926.656829,Female,East,36,Toys,93.84129454,2021-01-11 00:00:00,2021-04-01 00:00:00
2467,39,57800,1223.217569,Male,East,4,Clothing,66.56975481,2021-07-07 00:00:00,2023-12-02 00:00:00
2468,68,46000,1967.106697,Male,North,42,Toys,4.713930827,2022-05-24 00:00:00,2023-01-31 00:00:00
2469,41,69200,1685.392472,Female,East,9,Electronics,13.57375313,2022-08-03 00:00:00,2023-02-09 00:00:00
2471,34,42900,1323.631199,Male,North,17,Health,24.4957364,2021-03-31 00:00:00,2021-04-19 00:00:00
2472,29,20300,587.7984176,Female,South,17,Clothing,73.067737,2022-09-14 00:00:00,2023-07-17 00:00:00
2473,74,36600,1128.041374,Female,North,33,Clothing,8.893524476,2022-11-07 00:00:00,2023-12-24 00:00:00
2476,32,110900,1847.874049,Male,South,22,Home & Garden,55.66676863,2021-02-01 00:00:00,2022-08-13 00:00:00
2477,33,23800,429.1535061,Male,West,27,Home & Garden,26.54965638,2021-11-23 00:00:00,2022-09-15 00:00:00
2478,71,86700,1750.736054,Male,South,43,Electronics,95.70562965,2021-03-15 00:00:00,2023-08-23 00:00:00
2479,39,100800,80.30645998,Male,West,3,Clothing,24.4315892,2021-09-08 00:00:00,2023-08-23 00:00:00
2480,45,40900,199.935546,Female,South,24,Health,90.50996213,2022-03-26 00:00:00,2022-10-15 00:00:00
2483,27,91300,1499.527553,Female,South,22,Electronics,76.49393184,2021-10-23 00:00:00,2022-10-01 00:00:00
2484,57,39300,434.6469882,Female,South,25,Electronics,50.65693121,2021-10-25 00:00:00,2023-03-02 00:00:00
2485,49,56000,1083.425242,Male,East,10,Electronics,81.4578726,2021-11-24 00:00:00,2023-11-28 00:00:00
2486,67,53500,1479.694063,Female,West,49,Health,83.61930978,2021-10-29 00:00:00,2021-11-29 00:00:00
2488,50,22200,953.9635584,Male,West,40,Electronics,40.03445182,2021-12-04 00:00:00,2023-12-09 00:00:00
2491,50,36200,1817.346584,Male,East,39,Toys,86.69434959,2022-07-07 00:00:00,2023-07-13 00:00:00
2493,30,110100,1476.217787,Female,East,9,Health,59.35677567,2021-05-12 00:00:00,2022-04-20 00:00:00
2494,47,98300,178.4361741,Female,East,44,Toys,3.098095328,2022-09-03 00:00:00,2023-10-20 00:00:00
2495,50,32400,731.7399513,Male,South,26,Health,27.78943978,2021-02-22 00:00:00,2023-02-05 00:00:00
2496,30,49000,1719.571425,Male,West,9,Health,50.20576469,2022-05-11 00:00:00,2022-08-25 00:00:00
2497,69,117600,480.5556471,Female,South,20,Home & Garden,58.73171721,2021-08-17 00:00:00,2021-11-08 00:00:00
2499,39,88000,665.6899921,Male,South,36,Toys,71.6222825,2021-07-31 00:00:00,2021-12-09 00:00:00
2500,56,70400,456.4670121,Male,West,42,Electronics,65.62334323,2022-05-19 00:00:00,2023-06-25 00:00:00
2504,43,116300,141.4608715,Female,North,1,Electronics,5.11595142,2021-03-12 00:00:00,2022-11-13 00:00:00
2508,32,53800,1126.727416,Female,North,38,Health,35.46627518,2021-01-08 00:00:00,2023-05-08 00:00:00
2511,72,35000,1958.941317,Male,East,42,Clothing,99.4629288,2021-01-16 00:00:00,2021-12-21 00:00:00
2513,66,70700,1350.512753,Male,North,32,Health,73.61459717,2022-10-31 00:00:00,2023-03-28 00:00:00
2514,57,57300,496.5495477,Male,West,13,Electronics,54.77883349,2021-04-03 00:00:00,2021-07-19 00:00:00
2515,28,43400,1492.332985,Male,North,20,Home & Garden,32.52253005,2021-09-19 00:00:00,2023-05-03 00:00:00
2517,20,48400,648.2321879,Male,South,43,Clothing,21.58579008,2021-06-10 00:00:00,2023-08-06 00:00:00
2518,76,80900,977.7533881,Male,East,44,Electronics,78.18535395,2021-12-17 00:00:00,2022-09-20 00:00:00
2519,23,104800,603.3145992,Male,North,37,Toys,27.90201774,2021-06-23 00:00:00,2023-07-06 00:00:00
2520,26,83400,532.2360392,Male,West,30,Electronics,14.43024824,2021-11-13 00:00:00,2021-12-08 00:00:00
2521,23,55700,71.27421909,Male,East,10,Toys,33.12983405,2021-01-18 00:00:00,2022-01-23 00:00:00
2524,48,90200,23.17035135,Female,East,29,Electronics,38.7364837,2021-12-17 00:00:00,2022-02-03 00:00:00
2528,29,114800,1223.568392,Male,East,41,Electronics,39.56004749,2021-03-09 00:00:00,2022-07-12 00:00:00
2529,25,82800,818.661324,Female,North,9,Toys,58.73198102,2021-01-30 00:00:00,2022-07-12 00:00:00
2530,25,26700,1359.414844,Male,North,42,Clothing,56.99447164,2021-11-12 00:00:00,2023-12-08 00:00:00
2531,67,53000,396.0668771,Female,East,42,Electronics,74.97675583,2021-06-13 00:00:00,2022-05-17 00:00:00
2532,45,63500,1641.118685,Female,East,2,Toys,67.03759104,2021-11-16 00:00:00,2022-10-06 00:00:00
2533,79,53700,251.0444575,Male,North,4,Home & Garden,27.68067971,2021-01-14 00:00:00,2022-06-15 00:00:00
2534,37,72700,1318.882682,Male,North,8,Clothing,25.56436716,2021-10-06 00:00:00,2023-08-11 00:00:00
2535,79,37400,695.4756651,Female,North,32,Electronics,46.41417981,2022-03-08 00:00:00,2023-02-26 00:00:00
2538,24,56700,915.6590162,Female,West,13,Toys,94.8326583,2021-09-20 00:00:00,2022-08-27 00:00:00
2540,37,44000,1280.906499,Female,West,24,Clothing,30.64083949,2022-06-06 00:00:00,2022-12-29 00:00:00
2541,33,64400,1950.04429,Female,North,18,Clothing,69.33912309,2021-06-21 00:00:00,2021-08-09 00:00:00
2542,21,66300,1654.694781,Female,South,45,Electronics,4.472581624,2021-12-24 00:00:00,2023-07-29 00:00:00
2543,23,106800,138.8162213,Female,West,40,Electronics,48.43969158,2021-01-13 00:00:00,2021-12-09 00:00:00
2545,39,113400,1852.654358,Male,East,32,Electronics,16.19752849,2022-11-04 00:00:00,2023-07-27 00:00:00
2546,43,116400,1016.02662,Male,South,44,Electronics,83.73878159,2021-08-20 00:00:00,2023-04-21 00:00:00
2547,20,96400,1330.981415,Male,East,33,Clothing,79.68121187,2022-04-21 00:00:00,2023-12-16 00:00:00
2549,77,95400,1750.113487,Male,West,18,Home & Garden,36.38272936,2021-06-09 00:00:00,2023-06-13 00:00:00
2551,31,90100,886.5396793,Male,North,12,Health,84.86087568,2022-07-14 00:00:00,2023-05-01 00:00:00
2552,28,28300,692.5913846,Male,West,25,Toys,32.33201037,2021-09-18 00:00:00,2022-12-30 00:00:00
2556,40,59900,725.3747913,Male,East,47,Home & Garden,74.73022537,2021-12-25 00:00:00,2022-03-10 00:00:00
2559,42,31100,1240.156486,Female,East,46,Clothing,65.76169493,2022-05-30 00:00:00,2022-07-19 00:00:00
2560,62,108000,976.0994975,Male,North,39,Home & Garden,51.16631974,2021-10-07 00:00:00,2023-05-06 00:00:00
2561,68,53500,792.8450429,Female,South,8,Home & Garden,2.858920994,2021-04-27 00:00:00,2022-12-22 00:00:00
2562,75,25800,1819.943835,Male,North,32,Clothing,6.600643313,2022-09-02 00:00:00,2023-04-25 00:00:00
2566,53,42200,903.7820673,Female,South,20,Clothing,2.970830535,2022-08-17 00:00:00,2022-09-22 00:00:00
2567,62,55600,1110.367173,Female,West,6,Toys,36.80300527,2021-12-24 00:00:00,2022-08-02 00:00:00
2568,25,50300,1890.038102,Female,East,43,Electronics,22.37824361,2022-10-22 00:00:00,2023-06-22 00:00:00
2569,46,34300,440.3094803,Female,South,49,Toys,81.52052812,2022-06-02 00:00:00,2023-09-02 00:00:00
2570,72,116000,1049.866999,Female,West,29,Clothing,84.59681447,2022-01-13 00:00:00,2023-11-20 00:00:00
2572,72,87800,531.6174428,Female,West,17,Toys,71.08272534,2022-03-02 00:00:00,2023-08-15 00:00:00
2573,49,72700,1640.814596,Female,South,31,Toys,73.17560373,2022-06-21 00:00:00,2023-09-28 00:00:00
2575,61,99800,1568.226508,Female,North,38,Electronics,43.3695917,2021-06-18 00:00:00,2021-12-04 00:00:00
2576,35,45700,406.8107425,Male,North,37,Home & Garden,62.03378054,2022-05-30 00:00:00,2023-09-18 00:00:00
2578,35,73600,1218.780081,Male,East,2,Clothing,40.4591833,2022-11-14 00:00:00,2023-06-21 00:00:00
2581,54,72200,1070.239956,Female,East,6,Electronics,84.29175835,2021-03-24 00:00:00,2022-03-02 00:00:00
2584,58,83200,856.9510877,Female,South,21,Clothing,2.96572456,2021-05-13 00:00:00,2023-01-25 00:00:00
2586,20,67600,625.2902289,Female,East,35,Electronics,32.79815585,2022-04-02 00:00:00,2023-05-22 00:00:00
2587,45,111100,1058.511137,Female,West,48,Electronics,57.26665035,2021-12-19 00:00:00,2023-02-16 00:00:00
2589,68,20600,1563.376373,Female,North,7,Home & Garden,77.68623528,2021-04-04 00:00:00,2023-05-05 00:00:00
2590,52,117800,1538.998023,Female,West,15,Health,86.07197057,2022-01-17 00:00:00,2022-09-27 00:00:00
2591,78,39300,1945.923712,Female,North,45,Clothing,88.92256021,2021-10-22 00:00:00,2022-04-01 00:00:00
2596,24,95700,887.461069,Female,East,22,Electronics,12.05250022,2021-08-02 00:00:00,2023-11-16 00:00:00
2597,29,115100,1639.221093,Female,North,32,Electronics,76.27648111,2022-10-05 00:00:00,2023-10-28 00:00:00
2599,47,92600,1860.987611,Female,North,27,Electronics,85.55494904,2021-06-08 00:00:00,2023-11-05 00:00:00
2600,38,59200,1896.769615,Male,South,46,Electronics,73.893086,2022-07-11 00:00:00,2023-06-18 00:00:00
2601,48,38100,157.2229219,Male,East,15,Home & Garden,37.65196407,2021-07-20 00:00:00,2021-07-26 00:00:00
2602,75,37000,923.6986106,Female,North,44,Home & Garden,90.35391854,2021-01-22 00:00:00,2023-06-29 00:00:00
2604,41,30000,526.6276308,Male,East,28,Home & Garden,96.69886314,2021-08-30 00:00:00,2022-03-30 00:00:00
2606,54,43500,1361.809451,Female,West,38,Toys,99.06748513,2021-05-29 00:00:00,2022-01-10 00:00:00
2608,45,106700,1211.923079,Male,South,34,Health,27.40360459,2021-01-07 00:00:00,2021-03-16 00:00:00
2609,61,64500,1400.9467,Male,East,36,Electronics,74.12642565,2021-08-21 00:00:00,2021-08-30 00:00:00
2611,37,103100,1005.108046,Female,East,15,Health,2.877081712,2021-03-18 00:00:00,2021-05-03 00:00:00
2613,41,94200,1454.284985,Male,West,20,Clothing,25.62426293,2021-03-28 00:00:00,2021-08-22 00:00:00
2614,67,92800,395.3199069,Female,West,8,Clothing,85.27786766,2021-08-10 00:00:00,2023-08-26 00:00:00
2615,66,106800,1786.631073,Male,East,28,Toys,76.71531021,2022-02-17 00:00:00,2022-05-12 00:00:00
2616,68,54100,873.2638463,Female,East,19,Health,34.02774622,2022-08-07 00:00:00,2023-11-30 00:00:00
2617,49,86700,412.046,Female,South,16,Home & Garden,0.201126435,2021-07-21 00:00:00,2022-12-28 00:00:00
2619,53,76600,829.3126504,Male,North,42,Electronics,23.79554715,2021-10-03 00:00:00,2021-12-03 00:00:00
2620,75,88300,869.2595398,Male,West,8,Health,74.56089285,2021-08-09 00:00:00,2022-05-28 00:00:00
2621,70,23300,1179.411361,Female,East,33,Home & Garden,44.63496644,2021-06-06 00:00:00,2022-08-26 00:00:00
2622,51,77500,1051.923975,Female,West,10,Home & Garden,67.8601923,2021-06-30 00:00:00,2022-03-04 00:00:00
2625,32,45400,1464.242588,Female,West,43,Clothing,33.59555407,2021-08-31 00:00:00,2022-01-22 00:00:00
2626,51,111100,1128.240523,Female,East,3,Home & Garden,76.9543546,2021-06-21 00:00:00,2022-10-03 00:00:00
2627,53,39200,730.8215208,Male,East,40,Clothing,26.51872398,2022-05-18 00:00:00,2023-12-03 00:00:00
2629,56,44000,788.355779,Female,East,28,Electronics,7.142764673,2021-09-27 00:00:00,2022-11-28 00:00:00
2630,59,44600,1596.010877,Female,South,46,Clothing,83.54686411,2022-02-25 00:00:00,2022-07-19 00:00:00
2631,68,42500,625.3971325,Female,South,6,Clothing,9.155572727,2021-06-12 00:00:00,2022-03-22 00:00:00
2632,68,97000,164.2336891,Male,North,47,Home & Garden,5.613698041,2021-01-24 00:00:00,2021-07-19 00:00:00
2633,75,35000,1866.626594,Female,North,14,Home & Garden,36.32569373,2022-05-12 00:00:00,2023-08-06 00:00:00
2634,71,43600,801.211236,Male,North,7,Electronics,95.65493545,2021-07-12 00:00:00,2022-05-28 00:00:00
2637,20,118000,1299.802922,Female,East,31,Home & Garden,14.86375557,2021-05-09 00:00:00,2022-06-30 00:00:00
2640,57,114900,1664.658814,Female,West,17,Electronics,75.95928827,2021-02-05 00:00:00,2023-06-09 00:00:00
2641,38,59400,1151.23935,Male,South,29,Clothing,44.39990207,2022-04-02 00:00:00,2023-07-20 00:00:00
2642,32,66300,1222.794073,Female,West,49,Clothing,77.98835857,2021-12-27 00:00:00,2023-04-08 00:00:00
2645,43,42300,105.9980473,Female,South,26,Electronics,83.35120997,2022-01-04 00:00:00,2023-12-09 00:00:00
2646,25,104500,536.8362152,Female,South,12,Clothing,19.56477466,2022-04-14 00:00:00,2022-05-31 00:00:00
2647,53,102900,1754.009827,Female,East,25,Health,16.18104957,2021-07-05 00:00:00,2022-11-19 00:00:00
2648,65,109200,1509.644491,Male,South,41,Toys,75.06502585,2022-04-19 00:00:00,2023-10-17 00:00:00
2649,47,111100,54.93741715,Male,South,5,Toys,24.47970622,2021-03-02 00:00:00,2023-11-16 00:00:00
2650,40,86800,1043.672441,Male,West,4,Clothing,0.279438382,2021-09-19 00:00:00,2023-12-30 00:00:00
2651,59,74200,1068.553908,Female,West,44,Home & Garden,91.19601686,2021-04-21 00:00:00,2021-10-20 00:00:00
2652,61,79600,813.7466276,Male,North,48,Toys,62.2937058,2021-05-21 00:00:00,2021-08-19 00:00:00
2653,31,108200,608.8387975,Male,West,41,Toys,44.4937698,2022-06-19 00:00:00,2023-07-27 00:00:00
2654,31,23400,1369.815204,Male,South,31,Toys,72.573651,2021-03-20 00:00:00,2022-06-02 00:00:00
2655,19,49800,431.4251201,Female,East,3,Toys,33.33317331,2022-05-09 00:00:00,2023-11-14 00:00:00
2656,72,84500,1601.918153,Female,West,3,Clothing,95.36660571,2021-01-31 00:00:00,2022-12-07 00:00:00
2659,55,102400,581.4250616,Male,West,10,Home & Garden,77.72894829,2022-09-22 00:00:00,2023-05-03 00:00:00
2660,62,66900,582.0787995,Female,West,2,Health,46.91259079,2021-03-07 00:00:00,2023-08-28 00:00:00
2662,79,35200,1444.766865,Female,West,11,Health,92.69103979,2022-01-06 00:00:00,2022-08-23 00:00:00
2663,71,76600,730.5600082,Female,East,24,Electronics,74.39939007,2021-10-14 00:00:00,2023-02-17 00:00:00
2665,78,47300,777.319232,Male,West,23,Home & Garden,56.18463747,2021-05-03 00:00:00,2021-07-24 00:00:00
2666,64,29100,622.9559145,Male,East,32,Toys,91.16035179,2021-08-19 00:00:00,2021-12-07 00:00:00
2667,31,89400,69.22184151,Female,West,23,Home & Garden,44.90977255,2022-07-09 00:00:00,2023-11-22 00:00:00
2668,73,51100,27.74992936,Female,North,34,Electronics,68.16984949,2021-01-04 00:00:00,2023-12-03 00:00:00
2670,42,34800,824.6844479,Female,North,19,Toys,12.13441569,2022-02-16 00:00:00,2023-06-08 00:00:00
2673,56,56000,548.9872199,Female,North,15,Electronics,61.25417734,2022-05-02 00:00:00,2022-09-19 00:00:00
2674,23,92500,504.1900771,Female,South,21,Clothing,10.38149131,2021-12-11 00:00:00,2022-11-21 00:00:00
2675,34,52100,470.0977007,Female,West,35,Home & Garden,85.74385585,2021-11-29 00:00:00,2023-02-13 00:00:00
2676,76,111100,691.6899342,Male,North,5,Health,52.26931365,2022-03-29 00:00:00,2023-07-02 00:00:00
2682,54,55200,324.8472126,Female,East,46,Clothing,3.137968802,2022-03-16 00:00:00,2023-03-16 00:00:00
2683,22,45400,1416.605613,Male,South,33,Electronics,31.53049002,2021-01-29 00:00:00,2023-09-13 00:00:00
2684,18,112500,502.4043673,Male,South,49,Clothing,26.74454144,2021-12-01 00:00:00,2023-01-06 00:00:00
2685,57,89700,947.831584,Male,West,17,Electronics,94.95949953,2021-08-26 00:00:00,2023-06-08 00:00:00
2686,29,52200,1190.776275,Male,East,46,Clothing,18.53385689,2021-06-02 00:00:00,2023-09-09 00:00:00
2688,53,117200,1779.933095,Female,East,30,Electronics,4.275353775,2021-04-25 00:00:00,2023-08-30 00:00:00
2689,62,65700,1496.552793,Female,South,8,Clothing,19.76840857,2022-02-03 00:00:00,2023-05-11 00:00:00
2690,40,65900,89.61084426,Female,North,40,Health,33.85973543,2021-02-01 00:00:00,2022-12-08 00:00:00
2692,48,77200,1577.435272,Male,South,7,Toys,78.99765801,2021-02-22 00:00:00,2022-04-29 00:00:00
2698,33,57100,41.8064495,Male,West,25,Clothing,86.58860907,2021-03-23 00:00:00,2023-09-29 00:00:00
2699,27,95900,844.9393541,Female,West,47,Clothing,8.928625153,2021-01-01 00:00:00,2023-06-15 00:00:00
2700,46,81800,326.9171615,Male,South,33,Electronics,82.27691015,2021-06-16 00:00:00,2023-10-01 00:00:00
2702,29,45500,1423.422545,Female,West,5,Health,33.38416301,2021-07-02 00:00:00,2023-11-12 00:00:00
2707,37,102600,1533.218164,Female,North,29,Toys,77.36697714,2021-07-20 00:00:00,2022-12-18 00:00:00
2708,25,35500,1584.14951,Female,South,8,Clothing,23.52977618,2021-07-11 00:00:00,2023-05-15 00:00:00
2709,60,78000,1285.805036,Male,North,34,Electronics,15.16904491,2021-12-07 00:00:00,2022-04-27 00:00:00
2710,29,103000,1709.861795,Female,North,40,Clothing,38.9263463,2021-10-26 00:00:00,2021-12-06 00:00:00
2711,18,36400,1479.998485,Male,South,1,Home & Garden,88.32683472,2022-05-21 00:00:00,2023-03-07 00:00:00
2712,74,24200,1766.76736,Male,East,29,Toys,9.142507416,2022-08-11 00:00:00,2023-06-11 00:00:00
2713,71,64900,879.098336,Female,West,36,Toys,54.29140103,2021-05-20 00:00:00,2023-02-15 00:00:00
2714,37,31400,1500.242314,Male,South,37,Toys,8.88074794,2021-11-02 00:00:00,2022-08-24 00:00:00
2715,45,81000,1999.508096,Female,East,29,Home & Garden,47.02121212,2021-07-15 00:00:00,2022-03-13 00:00:00
2716,74,64300,1455.363771,Male,North,5,Health,12.67915122,2021-03-02 00:00:00,2023-12-19 00:00:00
2718,54,32500,1046.27107,Male,South,24,Toys,19.08493331,2021-11-03 00:00:00,2023-07-23 00:00:00
2719,64,38900,1182.948627,Female,South,19,Clothing,25.52560194,2022-04-25 00:00:00,2022-06-24 00:00:00
2721,29,97700,1926.525436,Male,South,1,Clothing,64.52679472,2021-03-24 00:00:00,2022-07-17 00:00:00
2722,54,35800,367.6479597,Male,West,7,Electronics,5.498187562,2021-11-30 00:00:00,2022-07-12 00:00:00
2723,66,35900,371.564681,Female,East,17,Electronics,8.080905991,2022-06-01 00:00:00,2022-09-10 00:00:00
2726,61,109500,145.112793,Male,East,7,Electronics,62.86049261,2022-08-23 00:00:00,2023-09-26 00:00:00
2729,64,30400,147.7115022,Female,North,29,Home & Garden,21.32203491,2022-12-21 00:00:00,2023-10-05 00:00:00
2735,37,87000,543.3135105,Male,North,5,Toys,42.46851585,2021-01-22 00:00:00,2021-07-25 00:00:00
2737,31,42800,1032.451398,Male,West,23,Health,16.11228967,2021-09-07 00:00:00,2023-04-30 00:00:00
2738,19,79300,1617.237992,Male,West,21,Health,25.74489878,2022-10-23 00:00:00,2023-10-26 00:00:00
2739,26,44000,118.7318615,Female,West,26,Health,92.56635763,2021-03-14 00:00:00,2021-07-26 00:00:00
2740,54,105200,1214.74034,Male,West,47,Health,14.10360109,2021-04-01 00:00:00,2022-09-27 00:00:00
2741,37,99700,1617.420722,Male,South,21,Health,96.86995467,2021-06-25 00:00:00,2021-12-11 00:00:00
2743,46,58300,49.74463312,Male,East,23,Electronics,45.66067748,2021-07-23 00:00:00,2022-07-01 00:00:00
2744,18,39600,639.1723244,Male,West,4,Home & Garden,17.46383807,2021-09-03 00:00:00,2023-09-11 00:00:00
2747,23,45600,863.7222945,Male,South,1,Electronics,37.06630679,2021-02-13 00:00:00,2021-03-16 00:00:00
2748,54,93200,1113.596565,Female,West,15,Health,26.45162186,2022-09-01 00:00:00,2023-08-05 00:00:00
2749,70,50200,1205.788528,Female,West,17,Clothing,6.648680301,2022-07-02 00:00:00,2023-07-02 00:00:00
2750,76,30400,563.3352076,Female,West,14,Toys,51.93281166,2021-06-17 00:00:00,2022-12-11 00:00:00
2751,22,61200,812.0586793,Female,West,19,Electronics,31.29083331,2022-03-11 00:00:00,2023-05-03 00:00:00
2752,50,113000,1561.111674,Female,East,34,Home & Garden,70.7865203,2021-01-30 00:00:00,2023-02-15 00:00:00
2753,66,90800,1883.605094,Female,East,6,Electronics,72.35223567,2022-08-20 00:00:00,2023-06-05 00:00:00
2754,68,53500,1726.523056,Female,South,45,Electronics,33.21070115,2021-12-23 00:00:00,2023-01-06 00:00:00
2755,31,48100,1137.281333,Male,North,49,Electronics,66.91206836,2022-05-06 00:00:00,2022-09-26 00:00:00
2756,29,74300,832.3797498,Male,West,6,Electronics,25.86752403,2022-09-25 00:00:00,2023-11-18 00:00:00
2759,70,107500,230.9714695,Female,South,33,Electronics,15.1608767,2021-09-10 00:00:00,2022-02-25 00:00:00
2765,51,106100,313.1583238,Female,East,7,Clothing,0.917499415,2021-05-03 00:00:00,2023-11-01 00:00:00
2766,42,51400,215.396751,Female,West,3,Home & Garden,76.21209754,2021-10-21 00:00:00,2023-01-14 00:00:00
2768,46,48400,1263.170375,Male,North,33,Electronics,90.0679387,2021-05-23 00:00:00,2022-01-09 00:00:00
2771,48,34100,1581.031071,Male,South,45,Health,73.12516574,2021-02-26 00:00:00,2021-05-20 00:00:00
2772,73,100100,1639.846253,Male,West,14,Clothing,67.51494194,2021-02-11 00:00:00,2023-08-31 00:00:00
2773,64,86000,1916.66591,Female,West,37,Home & Garden,24.30574406,2022-09-23 00:00:00,2023-11-11 00:00:00
2774,60,56700,1652.050612,Female,West,23,Electronics,59.5687735,2021-05-01 00:00:00,2023-01-03 00:00:00
2775,67,37700,1138.386045,Male,North,24,Toys,79.37576531,2021-12-09 00:00:00,2023-01-24 00:00:00
2778,55,51500,127.933542,Male,East,27,Clothing,25.20970651,2022-03-13 00:00:00,2023-11-13 00:00:00
2779,37,118600,1339.721147,Female,East,38,Home & Garden,94.78512885,2021-12-07 00:00:00,2023-06-20 00:00:00
2780,40,40600,1618.921786,Male,North,40,Toys,53.82202214,2021-12-07 00:00:00,2022-01-13 00:00:00
2781,79,43600,1027.194222,Female,West,45,Toys,3.338618263,2022-02-20 00:00:00,2023-07-11 00:00:00
2782,62,31200,128.3340662,Male,East,23,Electronics,40.34306188,2021-07-01 00:00:00,2022-01-08 00:00:00
2783,69,91100,1080.231738,Female,East,31,Toys,96.63118582,2022-11-08 00:00:00,2023-12-23 00:00:00
2784,33,79200,1872.783538,Male,North,36,Health,73.03729932,2021-09-21 00:00:00,2023-02-17 00:00:00
2787,77,55400,1604.302244,Female,North,3,Toys,59.91013556,2021-07-01 00:00:00,2022-08-07 00:00:00
2788,72,54700,1865.615618,Male,West,36,Health,2.334816078,2022-03-20 00:00:00,2022-05-16 00:00:00
2789,25,113100,1545.052956,Female,North,5,Clothing,17.88333612,2021-09-08 00:00:00,2023-06-15 00:00:00
2790,67,87600,1500.447018,Male,West,46,Health,55.17769383,2021-05-18 00:00:00,2023-09-26 00:00:00
2791,38,86800,483.5232766,Female,South,15,Toys,40.27525585,2021-08-06 00:00:00,2022-07-14 00:00:00
2792,18,91100,138.6518075,Female,West,49,Toys,19.00378145,2022-03-30 00:00:00,2023-10-09 00:00:00
2793,72,57900,1044.846941,Male,South,6,Home & Garden,77.26687349,2021-03-28 00:00:00,2021-08-21 00:00:00
2794,25,33900,266.3797317,Female,South,10,Electronics,48.89948807,2021-10-20 00:00:00,2022-07-14 00:00:00
2795,46,100100,1925.147835,Female,South,32,Health,30.99731424,2021-04-02 00:00:00,2023-07-10 00:00:00
2796,49,21900,594.05103,Male,North,23,Electronics,16.16773464,2021-07-27 00:00:00,2023-05-11 00:00:00
2797,55,53100,1708.829523,Female,West,48,Electronics,61.11633628,2021-07-23 00:00:00,2023-05-22 00:00:00
2799,64,40800,659.9246147,Female,North,46,Clothing,66.95972166,2021-03-26 00:00:00,2022-09-06 00:00:00
2800,39,108100,1871.613973,Female,South,20,Health,22.02873603,2022-10-26 00:00:00,2022-12-04 00:00:00
2801,64,103500,739.3786927,Male,East,44,Electronics,59.53384072,2021-06-05 00:00:00,2022-06-25 00:00:00
2802,51,66200,792.7700592,Female,North,41,Home & Garden,90.54064649,2021-10-20 00:00:00,2023-02-04 00:00:00
2803,18,69000,230.0617236,Female,East,15,Electronics,35.31876008,2022-06-17 00:00:00,2023-01-08 00:00:00
2804,72,87300,1347.484397,Female,South,44,Clothing,21.07669326,2021-06-10 00:00:00,2022-08-29 00:00:00
2805,72,100400,591.9020407,Female,East,46,Electronics,77.2149516,2022-01-21 00:00:00,2022-09-14 00:00:00
2806,43,23300,1179.496252,Female,East,22,Toys,17.68829402,2022-04-30 00:00:00,2023-10-19 00:00:00
2808,27,102000,1444.015397,Female,East,4,Home & Garden,10.06443943,2021-06-05 00:00:00,2023-09-22 00:00:00
2809,47,95500,1495.578143,Female,North,23,Health,26.78743161,2021-05-23 00:00:00,2023-08-04 00:00:00
2811,35,109500,675.3640563,Male,West,45,Toys,6.415786194,2021-10-11 00:00:00,2022-01-28 00:00:00
2813,43,50000,633.5339858,Male,East,45,Toys,51.36747922,2021-02-04 00:00:00,2023-09-05 00:00:00
2816,57,28600,1713.055204,Male,West,3,Toys,66.98352296,2022-01-28 00:00:00,2022-04-24 00:00:00
2817,66,84000,875.1986917,Male,East,28,Clothing,43.17817359,2022-02-12 00:00:00,2022-09-10 00:00:00
2819,44,104300,1385.850912,Female,West,14,Electronics,82.14021435,2022-01-23 00:00:00,2023-12-09 00:00:00
2820,25,28300,1212.833398,Female,South,18,Toys,67.18491119,2022-11-27 00:00:00,2023-11-22 00:00:00
2821,42,83300,232.3487303,Male,North,27,Clothing,49.13356192,2021-10-24 00:00:00,2022-08-24 00:00:00
2822,63,45900,1026.174237,Male,South,10,Toys,78.22693506,2021-11-19 00:00:00,2023-07-29 00:00:00
2823,21,111700,1476.247209,Male,South,49,Home & Garden,49.42853114,2022-05-03 00:00:00,2023-09-19 00:00:00
2825,18,113100,1265.710731,Male,South,19,Home & Garden,11.63402232,2021-02-08 00:00:00,2023-10-24 00:00:00
2827,48,34100,467.7801676,Male,North,4,Health,21.35630085,2022-05-18 00:00:00,2022-07-26 00:00:00
2828,33,69900,1748.203864,Female,North,15,Home & Garden,81.5924991,2022-06-21 00:00:00,2022-08-10 00:00:00
2829,31,92800,1632.83912,Male,South,48,Home & Garden,24.67054073,2021-11-12 00:00:00,2021-12-23 00:00:00
2830,70,115500,483.1671851,Male,South,8,Health,43.07800939,2022-05-11 00:00:00,2022-11-16 00:00:00
2831,65,29100,417.2515385,Female,West,49,Clothing,65.49481121,2021-04-27 00:00:00,2023-05-08 00:00:00
2834,43,77100,626.6696208,Female,North,31,Home & Garden,68.99129726,2022-11-18 00:00:00,2023-10-04 00:00:00
2835,79,39800,321.5346892,Male,East,18,Electronics,54.30828891,2022-03-21 00:00:00,2022-04-06 00:00:00
2836,45,83400,542.671529,Male,West,12,Toys,56.5889756,2022-05-02 00:00:00,2022-12-19 00:00:00
2837,19,112500,866.464964,Female,South,48,Toys,10.57717935,2022-02-15 00:00:00,2022-05-27 00:00:00
2838,67,49500,1471.019908,Female,West,30,Home & Garden,43.59491504,2022-09-15 00:00:00,2023-12-08 00:00:00
2839,23,96600,685.8900269,Male,South,33,Clothing,8.657139536,2021-10-25 00:00:00,2022-05-06 00:00:00
2840,26,66700,670.6365922,Female,North,47,Clothing,30.7863291,2021-02-21 00:00:00,2021-09-30 00:00:00
2841,50,40000,584.1282401,Male,South,7,Electronics,90.03121411,2021-10-31 00:00:00,2023-10-10 00:00:00
2842,58,40900,967.0016617,Female,East,28,Electronics,57.45334006,2021-10-15 00:00:00,2022-06-11 00:00:00
2844,65,73800,981.5488534,Female,West,3,Clothing,57.38858674,2021-04-28 00:00:00,2022-09-16 00:00:00
2848,30,118000,168.7433621,Female,North,38,Electronics,13.84050029,2021-05-07 00:00:00,2023-01-31 00:00:00
2849,48,93700,1080.606922,Female,North,15,Health,81.69067101,2021-10-20 00:00:00,2021-11-19 00:00:00
2850,58,61300,1711.821065,Female,West,7,Clothing,55.5392179,2022-06-03 00:00:00,2023-09-04 00:00:00
2851,28,39000,29.67124272,Female,East,43,Toys,0.427520217,2021-08-10 00:00:00,2022-03-21 00:00:00
2852,21,112900,1874.589383,Female,East,30,Electronics,51.97784863,2021-03-18 00:00:00,2021-12-08 00:00:00
2855,55,104900,976.0524347,Female,West,18,Home & Garden,77.12572199,2021-04-27 00:00:00,2022-02-14 00:00:00
2856,63,65600,1325.527627,Female,East,22,Clothing,89.94998837,2021-10-19 00:00:00,2022-05-20 00:00:00
2859,36,71200,1673.100868,Female,West,40,Health,90.87809432,2021-06-06 00:00:00,2022-12-09 00:00:00
2860,23,36300,1516.655032,Male,East,24,Electronics,91.26293114,2022-07-26 00:00:00,2023-04-03 00:00:00
2861,51,88700,977.1364283,Female,West,8,Clothing,11.4638143,2021-07-03 00:00:00,2022-04-06 00:00:00
2864,58,97500,1607.048132,Male,North,43,Toys,50.64625847,2022-11-04 00:00:00,2023-06-11 00:00:00
2866,36,112000,973.5464976,Female,East,3,Electronics,19.91022904,2021-01-16 00:00:00,2023-11-16 00:00:00
2867,62,118700,1367.522346,Male,North,31,Clothing,63.97866288,2021-04-08 00:00:00,2022-01-09 00:00:00
2868,28,97300,1720.506335,Female,East,27,Home & Garden,64.43790464,2022-09-08 00:00:00,2022-10-16 00:00:00
2869,18,86700,1265.168826,Male,West,46,Clothing,16.03539847,2021-10-27 00:00:00,2023-06-23 00:00:00
2870,41,96500,1530.438847,Male,South,27,Clothing,23.85274393,2022-02-26 00:00:00,2023-11-14 00:00:00
2871,79,74100,1535.235638,Male,North,9,Home & Garden,46.2021784,2021-11-03 00:00:00,2023-01-14 00:00:00
2872,71,110100,725.3976686,Female,North,33,Clothing,18.82093765,2021-10-01 00:00:00,2022-02-27 00:00:00
2873,24,111700,562.6847274,Male,West,33,Home & Garden,58.49939785,2021-09-18 00:00:00,2023-05-03 00:00:00
2874,42,91200,1606.304853,Male,South,26,Clothing,48.4541731,2021-08-27 00:00:00,2023-04-11 00:00:00
2875,38,38200,766.8140077,Male,South,28,Health,51.91981785,2021-11-28 00:00:00,2023-08-31 00:00:00
2876,32,72500,1808.605293,Female,South,44,Clothing,13.44675528,2021-04-25 00:00:00,2022-09-21 00:00:00
2877,18,102900,157.9875795,Female,West,43,Clothing,51.72518254,2021-09-25 00:00:00,2022-07-24 00:00:00
2878,29,113200,135.2706739,Female,North,31,Health,4.947819105,2021-01-12 00:00:00,2021-05-02 00:00:00
2879,75,96600,1855.468237,Male,North,1,Electronics,88.1535298,2021-03-14 00:00:00,2021-06-08 00:00:00
2881,32,76900,771.6067258,Female,West,12,Toys,85.63373248,2021-06-27 00:00:00,2023-01-21 00:00:00
2882,38,94700,1515.019621,Male,West,17,Health,70.16563687,2021-09-16 00:00:00,2023-11-28 00:00:00
2883,36,72600,1351.207084,Male,West,15,Electronics,76.61725893,2022-02-04 00:00:00,2022-08-14 00:00:00
2884,77,86500,1071.778073,Female,South,34,Clothing,31.45444945,2021-09-27 00:00:00,2021-12-12 00:00:00
2886,42,59600,1628.115583,Male,South,4,Health,40.67405538,2022-11-12 00:00:00,2023-11-06 00:00:00
2887,50,69700,1734.725918,Female,South,8,Clothing,2.422586241,2022-05-01 00:00:00,2023-04-15 00:00:00
2888,66,54600,360.8940033,Male,South,34,Electronics,91.87556769,2022-08-03 00:00:00,2023-02-20 00:00:00
2889,49,116500,1704.013071,Male,East,46,Toys,38.7014266,2021-02-28 00:00:00,2021-04-28 00:00:00
2890,66,53900,1758.137676,Female,South,25,Home & Garden,98.85566048,2022-10-04 00:00:00,2022-12-05 00:00:00
2891,52,64400,1107.868652,Female,West,15,Home & Garden,76.14494208,2021-09-23 00:00:00,2021-11-13 00:00:00
2892,61,115500,1319.234492,Female,East,28,Health,8.05150098,2021-03-16 00:00:00,2021-10-15 00:00:00
2893,55,50700,776.8298936,Female,North,9,Clothing,66.01882778,2021-03-31 00:00:00,2023-06-27 00:00:00
2895,28,67800,1449.526631,Female,West,17,Home & Garden,24.37186456,2021-12-23 00:00:00,2022-03-19 00:00:00
2896,52,70800,1726.512795,Female,West,10,Electronics,25.65626699,2021-06-03 00:00:00,2023-06-20 00:00:00
2897,25,99500,1315.073555,Female,West,9,Clothing,91.60750487,2021-08-06 00:00:00,2021-10-28 00:00:00
2898,63,113100,1032.949409,Male,West,31,Toys,49.99801761,2022-05-01 00:00:00,2023-06-17 00:00:00
2900,27,102100,125.848251,Female,West,24,Clothing,28.09478258,2021-05-10 00:00:00,2021-09-07 00:00:00
2901,19,115500,902.4697447,Male,South,19,Clothing,52.29544552,2021-03-07 00:00:00,2022-11-17 00:00:00
2903,26,98400,1147.282571,Male,West,43,Health,32.11390404,2022-01-15 00:00:00,2023-09-25 00:00:00
2904,20,67600,777.8037988,Male,South,49,Home & Garden,24.6968848,2021-11-09 00:00:00,2022-02-10 00:00:00
2905,38,63400,1519.234457,Male,West,10,Health,40.90068985,2022-02-11 00:00:00,2023-03-12 00:00:00
2907,25,87400,1194.105748,Male,East,38,Health,22.20437761,2021-10-04 00:00:00,2022-01-02 00:00:00
2909,19,55500,29.33060253,Male,North,28,Clothing,12.46116765,2022-02-13 00:00:00,2023-04-30 00:00:00
2910,23,54500,163.3310086,Male,East,1,Health,48.02072077,2021-11-10 00:00:00,2022-03-09 00:00:00
2912,70,94800,1766.82546,Male,West,15,Toys,2.266532107,2021-09-06 00:00:00,2023-01-29 00:00:00
2914,43,67000,1427.570774,Male,North,21,Toys,81.0384794,2022-02-03 00:00:00,2023-09-04 00:00:00
2916,29,89400,1585.323754,Female,East,15,Electronics,86.51908131,2022-03-27 00:00:00,2023-05-14 00:00:00
2919,65,83700,204.3521699,Male,East,15,Health,84.73423258,2022-07-13 00:00:00,2023-03-16 00:00:00
2921,32,39700,1777.332977,Female,West,9,Toys,55.27518332,2022-03-22 00:00:00,2023-04-10 00:00:00
2922,61,109100,1289.706104,Male,West,44,Toys,77.6310653,2022-12-08 00:00:00,2023-02-28 00:00:00
2923,53,98900,839.0162382,Male,South,39,Toys,8.479801625,2021-04-13 00:00:00,2022-09-10 00:00:00
2924,32,74200,599.7694761,Male,East,5,Toys,85.86454672,2021-11-24 00:00:00,2022-07-03 00:00:00
2928,23,35600,1938.556367,Female,South,8,Toys,32.6782846,2021-02-27 00:00:00,2022-10-17 00:00:00
2929,63,50000,1867.493753,Male,South,22,Toys,7.394868987,2021-04-15 00:00:00,2021-04-24 00:00:00
2931,61,116400,855.2230743,Female,North,48,Toys,17.45104024,2021-03-10 00:00:00,2021-09-01 00:00:00
2932,76,72300,1388.777503,Female,South,12,Clothing,63.0049902,2021-10-29 00:00:00,2022-02-27 00:00:00
2934,62,78300,1703.850386,Female,South,10,Electronics,28.11515034,2022-06-21 00:00:00,2023-11-13 00:00:00
2935,38,48900,840.3674878,Male,South,48,Home & Garden,98.56609575,2021-02-04 00:00:00,2021-09-28 00:00:00
2936,40,80100,242.5243777,Male,South,10,Electronics,6.416621811,2021-01-15 00:00:00,2022-03-30 00:00:00
2937,60,42800,169.7481204,Female,North,9,Clothing,60.7872011,2021-04-16 00:00:00,2022-08-17 00:00:00
2938,72,95500,1162.58681,Female,West,26,Home & Garden,47.95439275,2022-12-31 00:00:00,2023-10-07 00:00:00
2939,33,89500,1292.403312,Male,West,35,Health,24.54841071,2021-03-15 00:00:00,2023-05-06 00:00:00
2941,70,48100,599.1797403,Male,East,31,Electronics,73.70843582,2022-07-04 00:00:00,2023-02-07 00:00:00
2942,77,95400,351.5915713,Male,West,19,Home & Garden,91.63148745,2021-07-16 00:00:00,2022-05-16 00:00:00
2944,42,33300,720.0787448,Female,South,38,Health,19.39802121,2022-11-17 00:00:00,2023-02-06 00:00:00
2945,53,110100,282.288529,Female,South,6,Electronics,98.62697473,2022-07-10 00:00:00,2023-03-23 00:00:00
2946,28,45100,1351.119652,Male,North,15,Home & Garden,1.502267424,2022-10-28 00:00:00,2023-02-09 00:00:00
2949,21,90500,718.3284179,Female,West,45,Electronics,26.31615251,2021-05-22 00:00:00,2021-11-21 00:00:00
2950,38,45900,664.8903789,Female,South,5,Health,66.30288804,2021-11-08 00:00:00,2023-07-29 00:00:00
2952,39,33700,1757.266544,Female,East,2,Toys,45.0213931,2021-02-01 00:00:00,2021-08-19 00:00:00
2953,36,112300,99.75698733,Male,West,23,Health,74.94195054,2021-01-26 00:00:00,2022-08-05 00:00:00
2954,51,43400,1613.568978,Female,South,44,Electronics,64.60702593,2021-09-12 00:00:00,2023-01-03 00:00:00
2955,31,78200,750.5954731,Female,North,46,Health,47.29418635,2021-02-25 00:00:00,2022-11-02 00:00:00
2956,78,113400,1712.145671,Female,West,19,Electronics,4.98122998,2021-10-20 00:00:00,2022-02-07 00:00:00
2957,21,43700,1608.361957,Male,East,24,Home & Garden,74.1749805,2022-09-29 00:00:00,2023-11-22 00:00:00
2959,70,111200,1393.87554,Male,North,47,Electronics,22.44946884,2021-02-22 00:00:00,2022-12-28 00:00:00
2960,69,54700,336.0728584,Male,East,27,Toys,94.82686498,2021-04-11 00:00:00,2022-01-20 00:00:00
2962,44,30300,820.8923076,Male,West,17,Clothing,96.22686817,2021-09-24 00:00:00,2022-07-14 00:00:00
2963,46,77700,922.1387184,Female,East,25,Electronics,25.62169322,2021-01-02 00:00:00,2022-01-24 00:00:00
2964,64,29300,1417.402921,Male,North,46,Clothing,83.57933276,2021-01-22 00:00:00,2023-03-01 00:00:00
2965,45,31500,1645.263669,Female,West,31,Home & Garden,60.77214043,2022-08-01 00:00:00,2023-01-23 00:00:00
2966,52,100100,487.9586318,Male,North,28,Clothing,98.15036893,2021-07-31 00:00:00,2022-12-05 00:00:00
2968,33,21100,796.1561269,Female,West,22,Toys,97.29680449,2022-06-13 00:00:00,2022-07-21 00:00:00
2969,59,95400,750.0317895,Male,East,5,Home & Garden,95.17676183,2022-01-23 00:00:00,2023-04-01 00:00:00
2970,53,97000,1386.251131,Female,East,44,Electronics,0.766086689,2021-01-14 00:00:00,2023-11-11 00:00:00
2971,47,98200,786.6228828,Male,South,42,Electronics,74.10854102,2022-06-03 00:00:00,2023-11-09 00:00:00
2972,35,76600,705.2948303,Male,North,8,Electronics,27.19345612,2021-08-10 00:00:00,2023-05-12 00:00:00
2974,66,64800,220.5267252,Male,East,28,Health,98.06112013,2022-02-07 00:00:00,2023-04-07 00:00:00
2976,21,71300,512.4762797,Male,West,12,Electronics,56.69878324,2021-10-14 00:00:00,2023-12-19 00:00:00
2978,42,20400,350.1932524,Female,East,38,Clothing,25.33587822,2021-09-04 00:00:00,2023-10-15 00:00:00
2979,47,76900,1221.189829,Female,West,44,Health,22.51219371,2021-04-01 00:00:00,2023-01-21 00:00:00
2981,24,115200,61.69441144,Female,North,44,Home & Garden,9.391985717,2022-03-13 00:00:00,2022-08-30 00:00:00
2982,48,56000,92.12237774,Male,North,41,Home & Garden,65.67499108,2022-12-27 00:00:00,2023-08-19 00:00:00
2983,61,119600,1807.033387,Female,North,34,Health,50.5210619,2021-02-12 00:00:00,2021-04-15 00:00:00
2984,27,58200,165.1455199,Male,South,45,Home & Garden,3.007222748,2021-03-15 00:00:00,2022-08-30 00:00:00
2985,56,47400,1790.480674,Male,East,13,Home & Garden,96.96617588,2022-07-15 00:00:00,2023-09-17 00:00:00
2986,30,91800,471.7685092,Male,West,8,Electronics,65.60458695,2021-11-12 00:00:00,2022-04-29 00:00:00
2989,73,46000,1720.329011,Female,West,6,Electronics,65.80988848,2021-07-28 00:00:00,2022-12-08 00:00:00
2990,66,75100,1406.900634,Male,West,38,Home & Garden,36.41678629,2021-04-09 00:00:00,2022-05-24 00:00:00
2992,78,116000,171.0788593,Male,North,21,Toys,68.25719203,2021-04-24 00:00:00,2023-01-22 00:00:00
2993,59,99900,1470.746364,Male,West,44,Clothing,9.274379512,2021-06-24 00:00:00,2021-08-23 00:00:00
2994,73,90500,1241.431817,Female,East,44,Home & Garden,90.92607083,2021-09-28 00:00:00,2022-08-29 00:00:00
2995,53,25000,25.76520131,Male,South,49,Home & Garden,48.69742516,2021-03-04 00:00:00,2022-07-08 00:00:00
2996,37,22000,38.65131483,Male,West,7,Clothing,39.2944939,2022-02-08 00:00:00,2022-03-29 00:00:00
2997,21,32500,1621.410087,Male,West,26,Home & Garden,95.54621436,2021-08-13 00:00:00,2022-08-09 00:00:00
2998,71,52600,533.6114828,Male,East,15,Electronics,43.82092811,2021-06-10 00:00:00,2023-09-11 00:00:00
2999,24,96400,1279.544662,Male,West,49,Health,72.12209169,2021-02-05 00:00:00,2022-02-27 00:00:00
3002,61,24600,1835.583004,Female,North,38,Clothing,99.11427737,2021-11-14 00:00:00,2022-07-08 00:00:00
3004,62,68100,324.2945889,Male,South,15,Clothing,39.47825724,2022-10-25 00:00:00,2023-04-26 00:00:00
3005,59,40400,1728.668812,Male,South,48,Clothing,91.96134928,2022-04-01 00:00:00,2022-07-05 00:00:00
3007,76,81600,1189.815432,Male,South,16,Electronics,70.50769619,2021-12-10 00:00:00,2022-05-12 00:00:00
3008,30,64000,1021.430211,Male,South,32,Home & Garden,84.62460473,2021-02-09 00:00:00,2023-11-06 00:00:00
3009,72,102200,55.61650051,Female,West,37,Home & Garden,23.54943957,2022-02-18 00:00:00,2023-11-23 00:00:00
3010,39,23400,1866.887134,Male,North,18,Home & Garden,16.94665852,2022-01-15 00:00:00,2023-01-15 00:00:00
3011,71,108600,175.0875692,Female,West,20,Home & Garden,6.850680559,2021-08-10 00:00:00,2022-05-04 00:00:00
3012,38,96600,1382.67346,Male,North,46,Health,89.71332992,2021-10-08 00:00:00,2023-01-06 00:00:00
3013,39,117100,1574.313536,Female,North,2,Toys,20.03670947,2021-08-13 00:00:00,2022-04-03 00:00:00
3014,45,25700,1594.669941,Male,South,23,Electronics,30.77540441,2022-04-02 00:00:00,2023-12-11 00:00:00
3015,26,86900,288.2791475,Female,South,30,Health,28.58069261,2021-06-03 00:00:00,2022-04-09 00:00:00
3017,26,75900,1662.269163,Male,North,46,Toys,66.80611268,2021-12-19 00:00:00,2022-06-23 00:00:00
3018,32,51400,619.3048365,Male,South,39,Toys,95.41135587,2021-02-08 00:00:00,2022-07-22 00:00:00
3020,41,70300,560.1319075,Male,North,49,Electronics,40.76471547,2022-09-13 00:00:00,2022-09-17 00:00:00
3022,74,118300,1777.919087,Male,North,41,Toys,43.23379442,2022-05-04 00:00:00,2023-10-19 00:00:00
3023,78,64100,921.1459774,Female,South,22,Clothing,92.60427679,2021-07-17 00:00:00,2022-09-13 00:00:00
3025,25,28100,819.8730409,Female,North,14,Home & Garden,34.77348558,2021-06-21 00:00:00,2022-11-18 00:00:00
3026,41,89800,931.0320227,Female,North,48,Clothing,97.15724837,2022-05-23 00:00:00,2022-09-16 00:00:00
3027,33,107300,50.04491411,Male,North,28,Home & Garden,42.57818761,2022-02-09 00:00:00,2022-09-04 00:00:00
3028,66,39800,581.8161097,Female,West,21,Electronics,23.11748712,2021-09-28 00:00:00,2023-08-17 00:00:00
3029,43,30800,884.431809,Male,West,45,Electronics,17.77008148,2022-07-08 00:00:00,2022-10-09 00:00:00
3030,44,69500,1274.918012,Male,North,32,Home & Garden,99.51813258,2022-12-02 00:00:00,2023-02-02 00:00:00
3032,21,81900,688.8777458,Female,East,1,Toys,40.86597975,2021-05-11 00:00:00,2023-01-04 00:00:00
3035,36,52300,1850.49868,Female,North,3,Toys,31.73895736,2022-02-01 00:00:00,2023-03-05 00:00:00
3036,53,35700,1053.051587,Male,North,49,Clothing,74.33858087,2022-07-20 00:00:00,2023-04-26 00:00:00
3038,56,26400,58.50359167,Male,North,31,Clothing,50.01692292,2022-01-18 00:00:00,2022-01-24 00:00:00
3040,42,38800,458.4727649,Female,South,19,Clothing,7.702248657,2022-01-30 00:00:00,2022-08-26 00:00:00
3044,27,87800,1751.345667,Female,North,25,Health,83.90685754,2021-10-08 00:00:00,2022-05-13 00:00:00
3047,67,24800,530.4655306,Male,North,23,Health,15.03982726,2021-07-11 00:00:00,2023-07-25 00:00:00
3048,22,40400,825.5088418,Female,North,2,Clothing,38.77415283,2022-09-29 00:00:00,2023-02-07 00:00:00
3049,64,44000,930.9269512,Female,East,15,Toys,46.41107939,2022-03-04 00:00:00,2022-08-09 00:00:00
3050,66,48900,609.403942,Male,West,44,Health,29.76637948,2021-12-14 00:00:00,2022-11-04 00:00:00
3051,52,49600,85.23677913,Female,East,35,Home & Garden,72.53664481,2022-03-05 00:00:00,2022-05-26 00:00:00
3052,61,91100,1188.452264,Female,South,10,Health,91.24388127,2022-01-27 00:00:00,2022-12-14 00:00:00
3053,51,86200,1057.826242,Female,West,14,Electronics,41.24821993,2021-12-07 00:00:00,2023-03-31 00:00:00
3055,72,33800,95.19241579,Female,East,14,Home & Garden,51.67689071,2022-02-06 00:00:00,2022-06-29 00:00:00
3056,38,26600,1989.296491,Male,East,35,Clothing,52.25156268,2021-02-16 00:00:00,2021-03-14 00:00:00
3057,34,54900,974.3326499,Female,North,33,Electronics,60.02195407,2022-10-27 00:00:00,2023-09-01 00:00:00
3058,39,113700,1516.888399,Female,West,1,Electronics,26.83310651,2022-03-01 00:00:00,2022-05-19 00:00:00
3059,65,66000,915.5817894,Male,West,34,Toys,38.33605191,2022-06-01 00:00:00,2023-03-16 00:00:00
3060,54,71500,105.4771759,Female,North,19,Home & Garden,55.32374529,2022-09-29 00:00:00,2022-12-11 00:00:00
3062,52,61000,653.8180792,Female,South,42,Home & Garden,64.26925785,2021-03-28 00:00:00,2022-01-23 00:00:00
3063,45,85800,1679.93875,Male,South,4,Home & Garden,33.31165579,2022-05-30 00:00:00,2023-04-08 00:00:00
3064,24,39400,1315.375356,Female,East,36,Electronics,1.046857332,2021-06-14 00:00:00,2021-08-28 00:00:00
3065,49,74200,565.3512092,Female,South,13,Home & Garden,98.16656499,2021-08-11 00:00:00,2023-09-03 00:00:00
3067,27,43600,656.6528281,Female,North,9,Electronics,93.84951583,2022-03-27 00:00:00,2022-04-24 00:00:00
3068,26,51600,1996.503371,Female,East,39,Toys,54.93452338,2021-12-09 00:00:00,2023-11-04 00:00:00
3069,31,94800,1992.404112,Male,North,16,Toys,60.54648602,2021-12-07 00:00:00,2022-12-18 00:00:00
3071,78,80300,639.2274101,Female,East,20,Home & Garden,32.09757337,2022-01-27 00:00:00,2023-10-03 00:00:00
3074,42,115100,1065.533949,Female,South,48,Electronics,67.24799496,2022-02-25 00:00:00,2023-09-02 00:00:00
3078,38,45200,228.0931494,Female,West,42,Health,5.211132861,2022-10-10 00:00:00,2023-08-20 00:00:00
3079,35,98500,1383.034556,Female,East,48,Health,10.21150889,2021-01-04 00:00:00,2022-11-12 00:00:00
3080,20,33100,333.7358316,Female,North,8,Toys,67.45942357,2022-11-12 00:00:00,2023-11-26 00:00:00
3082,71,66000,635.8526012,Male,South,15,Clothing,59.53577798,2021-03-19 00:00:00,2022-06-30 00:00:00
3085,58,63000,1408.002309,Female,North,4,Electronics,12.96365021,2021-12-21 00:00:00,2023-01-12 00:00:00
3086,66,76600,244.2741111,Female,North,30,Home & Garden,24.86674862,2021-02-02 00:00:00,2022-08-15 00:00:00
3087,28,30400,1550.303543,Female,West,13,Clothing,82.12917848,2022-10-24 00:00:00,2023-01-20 00:00:00
3089,41,27400,1572.874034,Male,West,21,Health,94.97597947,2021-05-19 00:00:00,2023-04-18 00:00:00
3090,77,53800,1176.174548,Male,East,41,Clothing,4.874485535,2021-09-29 00:00:00,2022-03-18 00:00:00
3091,63,23800,183.2178786,Male,North,46,Clothing,79.24119972,2021-07-15 00:00:00,2023-12-19 00:00:00
3093,21,24300,158.2029801,Female,South,39,Electronics,26.08923052,2021-12-15 00:00:00,2021-12-31 00:00:00
3094,43,90300,967.8294067,Female,North,48,Home & Garden,72.91667028,2021-02-13 00:00:00,2022-01-02 00:00:00
3096,59,75200,1509.623652,Female,South,20,Electronics,45.93452031,2021-09-01 00:00:00,2022-08-29 00:00:00
3099,62,118700,1063.751643,Male,West,10,Home & Garden,33.55455961,2021-03-20 00:00:00,2021-09-22 00:00:00
3100,63,41000,1532.647129,Male,South,18,Electronics,46.64909603,2021-07-09 00:00:00,2023-11-28 00:00:00
3101,53,54100,30.05604969,Male,North,43,Clothing,89.51294815,2021-03-27 00:00:00,2022-01-17 00:00:00
3103,54,97000,410.9486578,Female,South,46,Toys,40.36881775,2021-09-28 00:00:00,2022-01-24 00:00:00
3105,53,50300,1477.782817,Male,North,18,Home & Garden,75.29994754,2021-01-20 00:00:00,2021-01-24 00:00:00
3107,26,44000,1319.281901,Female,West,22,Health,1.979873012,2021-05-10 00:00:00,2022-09-25 00:00:00
3109,50,22900,1151.822833,Female,East,18,Home & Garden,45.05540481,2021-01-07 00:00:00,2023-09-10 00:00:00
3111,23,38400,1255.439829,Female,East,23,Home & Garden,56.16633369,2021-11-06 00:00:00,2022-05-02 00:00:00
3112,58,59100,1259.674242,Female,East,1,Electronics,73.17196171,2022-09-19 00:00:00,2022-09-25 00:00:00
3113,56,24100,1784.577579,Female,East,10,Health,83.13329836,2022-04-18 00:00:00,2022-12-22 00:00:00
3114,21,54400,1021.199588,Male,South,1,Toys,64.62609446,2021-04-12 00:00:00,2022-01-19 00:00:00
3116,66,70100,626.2679226,Male,West,39,Electronics,37.37692548,2021-11-15 00:00:00,2021-12-12 00:00:00
3118,19,26100,493.7325482,Male,West,9,Electronics,95.85776816,2021-01-25 00:00:00,2022-11-07 00:00:00
3120,22,115700,1644.528652,Female,South,7,Clothing,56.62122445,2022-03-06 00:00:00,2023-12-10 00:00:00
3121,61,83000,1176.953069,Male,East,17,Toys,75.10731394,2021-05-23 00:00:00,2023-07-14 00:00:00
3122,44,89500,1026.884315,Male,South,35,Toys,6.841048498,2022-12-10 00:00:00,2023-05-26 00:00:00
3123,49,114900,650.5348943,Male,West,48,Electronics,85.5011009,2022-10-19 00:00:00,2023-09-11 00:00:00
3124,38,61600,1467.237511,Male,North,37,Home & Garden,79.70257433,2021-05-29 00:00:00,2023-08-31 00:00:00
3126,55,108100,1479.385765,Female,South,33,Health,2.198270673,2021-02-24 00:00:00,2021-05-18 00:00:00
3128,67,85100,1731.791856,Female,East,23,Health,5.426837073,2021-12-29 00:00:00,2023-07-23 00:00:00
3132,78,74800,1255.900304,Female,South,8,Electronics,69.48831055,2021-03-06 00:00:00,2023-05-02 00:00:00
3134,20,111800,1517.342508,Male,East,5,Electronics,81.15529307,2021-04-22 00:00:00,2022-08-24 00:00:00
3135,39,95900,566.3380299,Male,West,12,Home & Garden,53.35889394,2021-09-20 00:00:00,2023-05-06 00:00:00
3139,61,68700,1619.323801,Male,North,18,Clothing,45.28715846,2021-01-01 00:00:00,2021-08-11 00:00:00
3140,19,92400,725.6531886,Male,West,38,Toys,40.57538972,2021-05-28 00:00:00,2022-02-06 00:00:00
3143,52,25500,1312.15199,Male,South,26,Home & Garden,84.96270549,2021-05-09 00:00:00,2021-07-03 00:00:00
3144,51,95000,923.0770628,Female,South,40,Toys,76.09876565,2022-09-30 00:00:00,2023-07-04 00:00:00
3145,40,63700,807.591236,Male,West,3,Toys,22.09132028,2022-05-28 00:00:00,2022-08-04 00:00:00
3147,69,82700,1963.266239,Male,East,26,Health,19.65796761,2022-05-17 00:00:00,2022-06-02 00:00:00
3148,25,67200,286.799585,Female,West,19,Toys,95.42168168,2021-05-29 00:00:00,2023-02-07 00:00:00
3149,39,59700,643.3140167,Male,West,44,Health,59.81178785,2021-09-26 00:00:00,2021-10-22 00:00:00
3150,61,105700,981.2853278,Male,South,44,Toys,75.43547925,2022-12-02 00:00:00,2023-10-12 00:00:00
3154,30,86200,306.9664037,Male,South,21,Health,3.244617378,2021-10-08 00:00:00,2023-01-16 00:00:00
3155,46,106500,524.4398209,Female,North,41,Health,97.53011799,2022-02-11 00:00:00,2022-12-20 00:00:00
3156,48,81700,1830.761785,Female,West,48,Home & Garden,87.05424631,2022-09-05 00:00:00,2022-11-11 00:00:00
3157,64,92100,243.8448763,Male,North,26,Home & Garden,38.29474087,2021-12-24 00:00:00,2023-05-04 00:00:00
3159,72,69300,1519.945818,Female,North,36,Health,73.65579823,2021-07-22 00:00:00,2023-12-16 00:00:00
3160,33,85400,1623.3454,Female,North,24,Health,79.31143767,2022-09-04 00:00:00,2023-03-18 00:00:00
3162,79,69500,540.8116315,Female,North,26,Home & Garden,64.85637019,2021-09-14 00:00:00,2023-07-19 00:00:00
3163,47,95600,464.6277492,Male,East,21,Toys,2.59258943,2021-04-04 00:00:00,2021-05-29 00:00:00
3164,74,22500,941.7012197,Female,South,18,Health,84.82291326,2021-11-20 00:00:00,2023-02-07 00:00:00
3166,33,119400,1473.933778,Female,North,15,Toys,66.21234406,2022-10-24 00:00:00,2023-09-01 00:00:00
3167,29,29300,1279.160362,Female,East,6,Health,51.26696532,2021-12-17 00:00:00,2023-07-11 00:00:00
3169,33,33300,183.8218409,Male,North,31,Home & Garden,32.63612882,2022-10-03 00:00:00,2022-12-31 00:00:00
3170,29,86000,1831.865,Male,North,28,Home & Garden,62.63877958,2021-07-06 00:00:00,2023-09-09 00:00:00
3172,37,42600,991.5748049,Female,South,29,Clothing,14.26807815,2022-06-26 00:00:00,2022-12-30 00:00:00
3173,20,44400,888.4506432,Male,West,21,Electronics,14.00680055,2021-10-31 00:00:00,2023-01-16 00:00:00
3176,62,31800,1888.235228,Male,East,24,Clothing,88.92014985,2021-08-01 00:00:00,2022-04-20 00:00:00
3177,40,90100,1807.017088,Female,East,36,Health,31.19388822,2022-02-10 00:00:00,2023-02-14 00:00:00
3178,45,88200,1746.879081,Female,South,31,Electronics,4.243073725,2021-05-14 00:00:00,2023-03-11 00:00:00
3179,68,50200,161.0914986,Female,South,47,Clothing,64.98760292,2021-08-07 00:00:00,2023-08-02 00:00:00
3180,57,49500,1711.430962,Female,North,34,Clothing,68.42392266,2022-02-25 00:00:00,2023-10-20 00:00:00
3181,71,108300,1567.638182,Female,East,2,Electronics,55.3591609,2021-11-15 00:00:00,2022-09-13 00:00:00
3182,22,95200,224.9556351,Female,West,42,Toys,68.33326457,2021-06-06 00:00:00,2023-05-10 00:00:00
3183,37,25400,232.6803644,Male,West,3,Clothing,52.37543445,2021-07-07 00:00:00,2023-08-22 00:00:00
3184,57,24700,220.3043468,Male,South,30,Home & Garden,69.26328161,2022-04-21 00:00:00,2023-12-08 00:00:00
3185,73,78900,42.43853454,Male,West,8,Clothing,4.393740656,2021-06-11 00:00:00,2023-03-24 00:00:00
3188,74,49300,888.5957117,Female,South,19,Health,9.932613861,2021-03-30 00:00:00,2021-05-02 00:00:00
3189,47,27600,1090.699854,Female,North,26,Toys,23.40926362,2021-06-11 00:00:00,2021-08-06 00:00:00
3190,38,32400,1936.580198,Female,East,28,Home & Garden,19.1310618,2021-02-05 00:00:00,2023-12-13 00:00:00
3191,37,73900,525.260813,Female,North,15,Electronics,97.31313884,2021-08-15 00:00:00,2023-03-06 00:00:00
3192,23,44100,1719.7711,Male,South,14,Clothing,28.65459177,2021-05-31 00:00:00,2021-06-25 00:00:00
3194,35,37400,1147.563499,Male,West,14,Clothing,83.48745063,2021-02-16 00:00:00,2022-05-06 00:00:00
3195,25,47100,699.4842373,Female,West,3,Toys,41.91162173,2022-12-17 00:00:00,2023-01-31 00:00:00
3198,50,112100,1533.994274,Male,South,49,Toys,41.65345061,2022-06-23 00:00:00,2022-08-27 00:00:00
3199,70,38400,583.6817679,Female,South,23,Toys,32.6565455,2022-12-02 00:00:00,2023-07-27 00:00:00
3200,33,38100,1777.464492,Male,South,28,Toys,28.63394426,2021-06-14 00:00:00,2023-12-02 00:00:00
3204,51,38300,345.8647265,Male,South,13,Home & Garden,57.17191004,2022-07-28 00:00:00,2023-01-29 00:00:00
3205,78,67000,1512.287421,Male,North,27,Toys,34.36585797,2021-03-07 00:00:00,2021-09-06 00:00:00
3206,31,82800,1936.862228,Male,North,35,Home & Garden,42.15293648,2021-03-21 00:00:00,2021-06-29 00:00:00
3209,40,70300,1207.77386,Male,East,41,Clothing,79.05536796,2021-05-10 00:00:00,2022-12-04 00:00:00
3210,67,58000,1396.913129,Female,West,45,Toys,23.49282633,2022-03-22 00:00:00,2022-10-19 00:00:00
3211,62,57700,1654.407485,Female,North,40,Clothing,97.99712896,2021-01-29 00:00:00,2023-04-12 00:00:00
3213,58,68000,970.6134993,Female,North,24,Health,16.90670612,2021-08-25 00:00:00,2022-09-18 00:00:00
3214,38,29400,1080.034328,Male,East,29,Health,49.94967055,2022-08-22 00:00:00,2023-02-24 00:00:00
3215,19,96200,354.867228,Male,North,3,Toys,72.52857696,2022-08-31 00:00:00,2023-11-28 00:00:00
3218,26,67200,1669.755182,Female,West,2,Electronics,85.80779234,2022-03-15 00:00:00,2023-05-24 00:00:00
3219,18,89500,1860.226981,Male,West,20,Toys,26.17814827,2021-10-16 00:00:00,2021-11-29 00:00:00
3222,69,66800,522.9814152,Female,West,32,Toys,41.41351431,2021-04-10 00:00:00,2021-07-16 00:00:00
3224,40,116200,1966.379596,Male,South,1,Electronics,62.43937964,2022-02-26 00:00:00,2022-08-18 00:00:00
3225,43,82700,1851.454358,Male,West,38,Health,36.0999253,2022-10-05 00:00:00,2023-07-02 00:00:00
3226,21,33700,1575.624917,Male,North,35,Health,83.09030035,2022-11-25 00:00:00,2023-01-05 00:00:00
3227,35,111500,665.0434966,Female,West,7,Clothing,96.2905423,2022-12-07 00:00:00,2023-07-08 00:00:00
3228,72,25400,1637.660957,Male,North,45,Home & Garden,93.508768,2021-01-18 00:00:00,2022-06-21 00:00:00
3233,32,65300,116.1541921,Female,East,29,Health,97.74552683,2022-02-23 00:00:00,2022-12-17 00:00:00
3234,39,79600,906.9483204,Male,North,3,Health,78.34223016,2022-01-15 00:00:00,2023-01-23 00:00:00
3235,77,100100,902.3648256,Female,South,46,Health,58.05493219,2022-05-23 00:00:00,2023-10-14 00:00:00
3236,54,23600,1793.375423,Female,East,24,Health,2.635291223,2021-04-24 00:00:00,2021-04-25 00:00:00
3237,69,95400,269.7831306,Male,South,1,Clothing,82.55406915,2022-05-26 00:00:00,2022-12-23 00:00:00
3239,29,73000,311.9561489,Male,West,10,Toys,5.560651419,2022-09-06 00:00:00,2023-02-10 00:00:00
3241,66,56400,162.0288409,Female,West,36,Home & Garden,56.62508679,2021-04-03 00:00:00,2022-03-02 00:00:00
3242,59,78300,1326.542336,Male,West,9,Toys,12.85515979,2022-05-07 00:00:00,2023-04-14 00:00:00
3243,55,55200,874.5369717,Female,South,14,Clothing,38.65426632,2021-04-12 00:00:00,2023-12-20 00:00:00
3248,41,95300,227.0344722,Female,North,35,Toys,35.77960288,2021-06-16 00:00:00,2022-12-02 00:00:00
3249,59,47900,1764.388088,Female,East,7,Clothing,49.4633863,2021-05-20 00:00:00,2021-09-09 00:00:00
3250,47,78100,1064.44197,Male,West,42,Health,6.352339751,2021-04-04 00:00:00,2023-08-31 00:00:00
3251,31,117200,1653.177576,Male,South,35,Health,27.55926166,2021-06-30 00:00:00,2022-08-27 00:00:00
3253,20,101800,1856.795592,Male,North,15,Clothing,73.62627678,2021-01-04 00:00:00,2021-09-25 00:00:00
3254,33,112900,1900.661827,Female,North,9,Electronics,24.2821855,2022-08-29 00:00:00,2023-10-03 00:00:00
3255,24,36900,1118.555077,Female,East,47,Toys,50.38200987,2022-01-24 00:00:00,2022-12-08 00:00:00
3256,69,108700,695.2199411,Male,East,17,Electronics,81.75311052,2021-09-29 00:00:00,2022-06-24 00:00:00
3257,31,57100,1924.492451,Male,North,39,Clothing,37.99101609,2021-05-12 00:00:00,2022-12-07 00:00:00
3258,26,60400,1103.864684,Female,West,18,Toys,13.37712674,2022-08-07 00:00:00,2023-10-08 00:00:00
3259,32,75500,147.2203915,Female,East,15,Toys,43.18703896,2022-08-16 00:00:00,2022-09-11 00:00:00
3261,52,77800,1183.615806,Female,South,24,Toys,0.739852819,2022-11-17 00:00:00,2023-10-18 00:00:00
3262,19,30600,1793.669888,Female,West,23,Toys,34.85675067,2021-02-21 00:00:00,2023-02-21 00:00:00
3264,19,21700,711.1238004,Male,East,23,Toys,95.191195,2022-03-22 00:00:00,2023-04-21 00:00:00
3265,52,118300,1933.126937,Female,South,21,Home & Garden,40.85487325,2021-08-25 00:00:00,2023-09-10 00:00:00
3267,31,72300,1268.226884,Male,East,8,Health,53.4219098,2021-10-07 00:00:00,2022-05-31 00:00:00
3268,37,23200,599.9919027,Female,West,30,Toys,28.57523611,2021-02-13 00:00:00,2021-11-12 00:00:00
3269,35,113100,759.6097867,Female,South,34,Electronics,21.47793993,2021-12-25 00:00:00,2023-10-29 00:00:00
3273,42,114000,1433.523848,Female,East,33,Toys,18.22925389,2022-11-21 00:00:00,2023-11-11 00:00:00
3275,71,91600,816.7392583,Male,East,6,Health,22.98686344,2021-04-11 00:00:00,2021-10-30 00:00:00
3276,50,24600,319.8860924,Male,East,23,Health,29.07012607,2022-11-23 00:00:00,2023-09-06 00:00:00
3278,48,78600,1545.970102,Female,West,19,Electronics,91.10501507,2021-09-25 00:00:00,2023-09-27 00:00:00
3279,31,88300,542.7454352,Male,North,43,Clothing,16.86307645,2021-12-28 00:00:00,2022-06-26 00:00:00
3280,18,92100,30.68911352,Male,South,45,Home & Garden,6.419185592,2022-02-12 00:00:00,2022-10-02 00:00:00
3281,63,98300,1343.639704,Female,North,8,Electronics,29.31181032,2021-02-06 00:00:00,2022-07-06 00:00:00
3287,20,41500,480.484787,Female,South,48,Clothing,1.492896724,2021-11-05 00:00:00,2023-05-16 00:00:00
3289,58,63900,817.2889923,Female,East,15,Home & Garden,81.32842132,2021-09-30 00:00:00,2022-04-03 00:00:00
3291,42,62000,1630.545649,Male,West,23,Electronics,15.124025,2021-04-20 00:00:00,2023-11-04 00:00:00
3294,51,69900,487.9464487,Male,North,24,Clothing,24.64955874,2021-09-17 00:00:00,2022-02-20 00:00:00
3296,38,63500,1160.795473,Male,North,35,Health,38.48517372,2021-09-25 00:00:00,2023-12-22 00:00:00
3297,51,113500,1116.28211,Female,South,4,Toys,21.08903049,2021-02-01 00:00:00,2022-05-08 00:00:00
3298,21,60500,393.0023185,Male,West,44,Electronics,75.11917896,2021-06-26 00:00:00,2021-11-19 00:00:00
3299,42,103200,131.3684547,Female,South,37,Electronics,15.03638903,2021-04-14 00:00:00,2022-04-13 00:00:00
3300,32,40500,179.8027393,Male,East,17,Clothing,79.89023148,2021-08-24 00:00:00,2023-12-21 00:00:00
3304,29,47400,406.20835,Male,West,27,Health,74.9188519,2021-02-04 00:00:00,2022-04-28 00:00:00
3305,49,51800,1921.925702,Female,East,42,Health,5.151559325,2021-04-27 00:00:00,2022-09-15 00:00:00
3306,49,74800,302.4556159,Female,North,6,Home & Garden,95.0098719,2022-11-19 00:00:00,2023-08-06 00:00:00
3307,45,33800,1027.982021,Male,South,6,Clothing,70.27394884,2022-04-03 00:00:00,2022-04-30 00:00:00
3308,30,76700,1662.797455,Female,East,15,Clothing,32.01722906,2022-04-16 00:00:00,2023-04-20 00:00:00
3310,31,110800,861.1604957,Male,West,48,Toys,86.14923797,2022-08-20 00:00:00,2023-02-18 00:00:00
3311,37,83000,273.8065184,Female,West,40,Health,90.28401285,2021-04-27 00:00:00,2023-07-20 00:00:00
3312,35,100200,263.3853224,Male,South,7,Health,89.1573281,2021-12-28 00:00:00,2023-03-06 00:00:00
3313,46,117600,1246.745085,Male,West,49,Health,80.87402926,2021-07-23 00:00:00,2023-01-23 00:00:00
3314,77,45500,1357.55409,Male,North,45,Toys,81.90320208,2021-05-26 00:00:00,2022-03-02 00:00:00
3315,23,21900,1559.118378,Female,North,47,Health,57.27679029,2022-03-20 00:00:00,2023-12-27 00:00:00
3317,46,70300,1298.603399,Male,East,31,Electronics,8.677328206,2022-09-09 00:00:00,2022-11-16 00:00:00
3318,60,36600,46.76419797,Male,West,2,Toys,64.95532494,2021-10-24 00:00:00,2022-07-01 00:00:00
3319,79,105200,341.0980397,Female,North,28,Electronics,40.11651603,2022-08-04 00:00:00,2023-07-05 00:00:00
3321,77,55700,170.4671425,Female,North,13,Clothing,23.10776226,2021-08-19 00:00:00,2021-11-10 00:00:00
3322,40,66400,1364.00068,Male,East,18,Clothing,64.94171736,2021-07-22 00:00:00,2021-08-08 00:00:00
3324,48,97900,1439.1028,Female,East,11,Toys,46.0812798,2022-01-30 00:00:00,2022-04-08 00:00:00
3327,36,54800,553.8761105,Male,West,29,Toys,87.62077264,2022-01-31 00:00:00,2022-05-11 00:00:00
3329,27,109400,792.3703568,Female,North,35,Clothing,86.67837779,2021-12-22 00:00:00,2023-04-17 00:00:00
3330,42,114800,405.20498,Male,East,19,Health,26.25356955,2022-02-05 00:00:00,2022-08-25 00:00:00
3331,19,105100,1468.725606,Male,South,13,Clothing,17.23359455,2021-08-29 00:00:00,2023-02-09 00:00:00
3332,79,21700,325.2120982,Female,South,5,Clothing,1.801664762,2021-12-07 00:00:00,2022-11-04 00:00:00
3334,67,105500,1039.045658,Male,West,14,Health,14.74706049,2022-06-27 00:00:00,2023-03-16 00:00:00
3335,78,111200,229.2871957,Female,West,38,Health,7.885556238,2022-09-13 00:00:00,2022-10-01 00:00:00
3338,32,26800,610.1539922,Female,East,49,Toys,93.73626723,2022-06-13 00:00:00,2022-06-20 00:00:00
3339,26,112100,856.6279728,Male,West,40,Electronics,95.98608366,2021-09-24 00:00:00,2023-11-27 00:00:00
3341,36,46000,540.7911548,Male,West,45,Clothing,53.00246368,2021-08-08 00:00:00,2021-12-15 00:00:00
3342,26,97200,343.9446733,Male,South,5,Home & Garden,13.08304286,2021-03-23 00:00:00,2022-09-29 00:00:00
3345,26,95900,1373.200284,Female,South,49,Toys,85.57290841,2021-01-20 00:00:00,2022-07-24 00:00:00
3347,79,70800,1013.64368,Female,South,28,Health,83.4575865,2021-02-06 00:00:00,2021-04-24 00:00:00
3349,68,60200,1685.852644,Male,East,14,Clothing,46.60657843,2021-02-08 00:00:00,2021-05-12 00:00:00
3350,24,106700,1167.937586,Female,West,47,Health,45.91993834,2021-04-19 00:00:00,2021-12-14 00:00:00
3352,33,116800,580.1141014,Male,North,43,Toys,94.91780201,2021-03-05 00:00:00,2023-09-10 00:00:00
3353,77,105800,1791.841017,Male,West,11,Electronics,59.84861064,2021-06-24 00:00:00,2023-01-02 00:00:00
3354,50,88500,67.92796796,Male,North,9,Electronics,13.79731331,2021-02-01 00:00:00,2022-10-16 00:00:00
3359,34,65900,1186.785741,Female,North,1,Health,21.97469166,2021-07-25 00:00:00,2022-07-07 00:00:00
3364,46,75100,56.39435975,Female,North,17,Electronics,38.72233051,2021-01-11 00:00:00,2023-07-27 00:00:00
3365,69,70800,1385.484269,Female,West,3,Health,18.85221111,2021-02-18 00:00:00,2021-06-13 00:00:00
3367,77,94000,1259.44815,Male,East,37,Toys,80.26712203,2021-06-20 00:00:00,2022-11-22 00:00:00
3368,55,21900,318.0782844,Female,West,17,Clothing,89.34820383,2021-05-23 00:00:00,2022-08-01 00:00:00
3369,56,59600,948.6992924,Female,West,49,Clothing,49.30756559,2021-07-26 00:00:00,2022-09-03 00:00:00
3370,67,67400,1018.760997,Male,East,38,Home & Garden,35.69945275,2022-04-08 00:00:00,2022-06-20 00:00:00
3371,54,99300,1178.454076,Female,West,1,Electronics,80.78351365,2022-05-24 00:00:00,2023-01-31 00:00:00
3372,69,90200,1036.076632,Female,West,7,Home & Garden,67.30947751,2021-07-20 00:00:00,2023-06-15 00:00:00
3373,79,45100,1001.467725,Female,North,26,Electronics,4.087397749,2021-01-05 00:00:00,2023-08-29 00:00:00
3375,52,42900,160.9368679,Female,South,39,Home & Garden,68.21729782,2021-01-29 00:00:00,2022-10-30 00:00:00
3376,24,36500,197.2499897,Male,North,19,Toys,57.36798203,2021-07-09 00:00:00,2021-12-15 00:00:00
3377,44,52500,878.8809833,Female,South,30,Electronics,97.80673088,2021-07-07 00:00:00,2021-09-06 00:00:00
3379,39,116200,1041.946913,Female,West,14,Toys,5.973840573,2022-06-09 00:00:00,2022-12-14 00:00:00
3380,31,84500,623.5795751,Male,South,13,Clothing,72.57690157,2022-01-01 00:00:00,2023-10-04 00:00:00
3381,24,25900,1382.061981,Male,West,20,Health,33.63266123,2021-06-06 00:00:00,2021-09-04 00:00:00
3382,54,59600,1730.630548,Male,West,26,Health,68.20827031,2021-03-21 00:00:00,2022-04-26 00:00:00
3385,22,52800,250.037537,Female,North,9,Clothing,85.29495543,2022-12-19 00:00:00,2023-10-26 00:00:00
3387,72,52100,898.8348625,Female,North,48,Electronics,88.95551145,2022-06-02 00:00:00,2023-03-07 00:00:00
3388,19,51500,392.27112,Male,East,12,Home & Garden,28.16037491,2021-08-20 00:00:00,2022-08-16 00:00:00
3391,38,43600,1117.515398,Female,East,34,Health,96.64644374,2021-12-10 00:00:00,2022-02-06 00:00:00
3393,55,36600,1473.771046,Male,South,19,Electronics,3.229365007,2021-07-24 00:00:00,2023-02-03 00:00:00
3397,40,81700,447.9294767,Male,East,17,Health,72.860048,2022-02-04 00:00:00,2023-11-17 00:00:00
3398,75,102400,383.1425902,Female,East,16,Health,96.46626807,2022-03-25 00:00:00,2022-08-26 00:00:00
3400,56,103800,1638.779352,Male,East,21,Clothing,29.86284371,2021-03-23 00:00:00,2021-12-28 00:00:00
3401,22,80400,1689.040986,Female,East,8,Electronics,64.1380311,2021-12-08 00:00:00,2022-10-20 00:00:00
3402,18,45100,1050.503062,Male,East,10,Home & Garden,67.22411934,2022-02-25 00:00:00,2023-12-23 00:00:00
3403,30,58800,1724.405508,Male,East,10,Clothing,99.80205148,2021-02-18 00:00:00,2023-08-30 00:00:00
3404,38,69300,30.7785442,Male,West,10,Clothing,13.87379112,2021-07-25 00:00:00,2023-09-07 00:00:00
3405,43,72100,89.64577043,Female,South,9,Home & Garden,19.13255027,2021-08-06 00:00:00,2023-07-30 00:00:00
3406,67,88400,1825.406755,Male,West,28,Home & Garden,15.5513644,2022-11-07 00:00:00,2023-06-27 00:00:00
3409,70,117500,1512.14806,Male,West,33,Toys,65.60077089,2021-08-19 00:00:00,2021-12-13 00:00:00
3411,54,36000,1548.737257,Female,North,3,Electronics,43.27929242,2022-05-02 00:00:00,2023-03-20 00:00:00
3412,62,113900,1687.895241,Female,East,42,Clothing,56.06850819,2022-03-05 00:00:00,2023-04-29 00:00:00
3414,53,86700,353.057963,Male,West,18,Clothing,56.95659176,2021-10-11 00:00:00,2023-12-17 00:00:00
3416,52,119800,406.3154636,Female,East,20,Toys,34.31937984,2021-10-03 00:00:00,2023-01-07 00:00:00
3417,66,108900,1787.37043,Female,North,6,Clothing,52.98458033,2022-03-09 00:00:00,2022-06-02 00:00:00
3418,77,106300,928.1267982,Male,South,34,Home & Garden,15.48976855,2021-07-04 00:00:00,2023-07-24 00:00:00
3419,28,89600,1360.41397,Female,South,42,Electronics,61.25198354,2022-12-23 00:00:00,2023-01-16 00:00:00
3421,69,101400,206.1020402,Female,South,30,Toys,65.25349649,2021-08-04 00:00:00,2022-02-24 00:00:00
3422,72,32300,595.6301691,Male,West,9,Health,37.2411144,2021-04-07 00:00:00,2021-05-20 00:00:00
3423,70,109900,1967.789071,Female,South,27,Electronics,33.17464917,2021-04-29 00:00:00,2022-12-08 00:00:00
3424,43,32800,1922.215208,Male,South,42,Home & Garden,93.16033226,2021-12-31 00:00:00,2022-11-29 00:00:00
3425,79,41100,654.5640574,Male,North,34,Home & Garden,87.15142906,2022-02-07 00:00:00,2023-09-14 00:00:00
3428,69,42700,1229.699809,Female,West,49,Toys,71.04642836,2022-04-03 00:00:00,2022-05-26 00:00:00
3429,65,43900,99.44674812,Male,South,17,Toys,31.45024756,2021-11-14 00:00:00,2022-06-22 00:00:00
3431,35,99600,1123.709973,Male,East,36,Clothing,31.01522123,2021-05-22 00:00:00,2023-06-16 00:00:00
3432,57,100200,1739.582779,Female,South,12,Electronics,43.42959821,2022-04-02 00:00:00,2023-11-28 00:00:00
3435,46,111300,1402.384244,Female,West,9,Electronics,0.614016266,2021-09-25 00:00:00,2021-11-04 00:00:00
3437,46,55800,685.5973103,Male,South,46,Home & Garden,61.44489423,2022-11-10 00:00:00,2023-09-24 00:00:00
3438,55,89900,630.7690409,Male,South,46,Health,18.80252378,2021-06-09 00:00:00,2023-01-20 00:00:00
3439,59,61800,59.69107907,Male,South,17,Health,94.36500718,2021-01-14 00:00:00,2021-10-31 00:00:00
3441,59,40400,1403.690667,Male,West,40,Electronics,2.547943358,2021-06-04 00:00:00,2023-11-28 00:00:00
3442,30,36500,1710.654667,Male,South,5,Home & Garden,21.97719173,2021-04-11 00:00:00,2023-05-05 00:00:00
3443,66,54600,297.5275581,Female,South,39,Clothing,69.20674843,2022-07-26 00:00:00,2023-12-06 00:00:00
3444,58,106500,1097.482635,Female,East,48,Clothing,20.16198988,2021-02-12 00:00:00,2021-09-13 00:00:00
3446,73,103900,208.2854225,Female,South,17,Toys,61.77062214,2021-11-07 00:00:00,2023-03-29 00:00:00
3447,26,26400,127.3392535,Male,East,27,Electronics,51.83547906,2022-09-13 00:00:00,2023-08-31 00:00:00
3451,77,86500,514.2569147,Female,West,23,Clothing,5.701754402,2021-06-12 00:00:00,2022-05-03 00:00:00
3452,65,65900,1757.871662,Female,West,32,Clothing,3.898941982,2021-12-17 00:00:00,2022-04-03 00:00:00
3453,46,77100,1630.036977,Female,South,43,Health,98.7197048,2021-08-22 00:00:00,2022-06-12 00:00:00
3454,50,117300,1916.503831,Male,West,47,Electronics,64.48478777,2022-02-07 00:00:00,2022-08-14 00:00:00
3455,27,99800,1769.848791,Female,South,18,Electronics,71.53705397,2021-12-17 00:00:00,2022-06-09 00:00:00
3456,67,33900,1867.99225,Female,South,38,Clothing,9.648201974,2021-06-16 00:00:00,2022-01-05 00:00:00
3458,77,108400,1392.896163,Male,West,15,Clothing,16.02535939,2021-01-28 00:00:00,2023-07-05 00:00:00
3459,57,84000,357.1131212,Female,West,28,Toys,42.71956028,2021-09-16 00:00:00,2022-10-26 00:00:00
3460,38,103300,557.9808873,Female,West,38,Home & Garden,11.01761827,2022-08-21 00:00:00,2022-11-21 00:00:00
3462,28,23200,1215.09986,Male,South,9,Home & Garden,56.15359031,2022-03-18 00:00:00,2022-08-23 00:00:00
3465,25,45500,1906.292276,Male,South,19,Clothing,37.51951918,2021-07-30 00:00:00,2021-12-29 00:00:00
3466,76,79300,821.6225814,Female,North,8,Home & Garden,5.33297927,2022-06-27 00:00:00,2023-07-20 00:00:00
3467,39,43200,1022.574095,Female,North,34,Toys,13.35289733,2022-03-21 00:00:00,2022-09-04 00:00:00
3468,25,23800,1943.602386,Male,West,4,Health,23.17963905,2022-03-29 00:00:00,2022-12-23 00:00:00
3471,34,80400,465.9750066,Male,South,3,Electronics,13.26886118,2021-03-07 00:00:00,2023-07-29 00:00:00
3472,77,64400,1369.291029,Female,South,35,Home & Garden,73.79585719,2022-02-09 00:00:00,2023-09-05 00:00:00
3475,62,59600,1131.726329,Male,West,29,Toys,4.372569543,2021-08-16 00:00:00,2023-02-20 00:00:00
253,79,47400,215.2165759,Female,East,22,Home & Garden,92.61740441,2021-11-07 00:00:00,2023-04-21 00:00:00
553,75,107500,127.8427738,Female,South,27,Home & Garden,2.19705708,2021-03-07 00:00:00,2021-06-04 00:00:00
807,70,37600,536.6187877,Male,West,2,Home & Garden,65.43493462,2022-07-29 00:00:00,2023-11-17 00:00:00
190,59,102700,1098.649009,Male,West,3,Health,82.5315143,2022-10-29 00:00:00,2023-11-11 00:00:00
2756,29,74300,832.3797498,Male,West,6,Electronics,25.86752403,2022-09-25 00:00:00,2023-11-18 00:00:00
1827,44,109300,1059.80471,Female,South,13,Home & Garden,90.97096654,2021-04-09 00:00:00,2023-08-15 00:00:00
1937,36,110600,449.8643944,Male,North,4,Clothing,98.70885379,2021-11-23 00:00:00,2023-06-03 00:00:00
1403,54,48200,802.9281751,Female,North,13,Toys,50.09618264,2021-01-12 00:00:00,2021-02-08 00:00:00
3048,22,40400,825.5088418,Female,North,2,Clothing,38.77415283,2022-09-29 00:00:00,2023-02-07 00:00:00
1214,68,107400,898.2554241,Female,South,44,Health,20.00492331,2021-02-09 00:00:00,2023-04-14 00:00:00
3377,44,52500,878.8809833,Female,South,30,Electronics,97.80673088,2021-07-07 00:00:00,2021-09-06 00:00:00
3317,46,70300,1298.603399,Male,East,31,Electronics,8.677328206,2022-09-09 00:00:00,2022-11-16 00:00:00
1788,26,22800,145.1025318,Male,East,12,Clothing,63.96963784,2021-05-09 00:00:00,2023-07-11 00:00:00
107,32,118700,270.0168515,Male,North,23,Home & Garden,12.3155474,2021-10-14 00:00:00,2023-08-10 00:00:00
2900,27,102100,125.848251,Female,West,24,Clothing,28.09478258,2021-05-10 00:00:00,2021-09-07 00:00:00
316,39,82500,942.9102595,Female,South,48,Health,96.55517746,2021-07-13 00:00:00,2022-08-02 00:00:00
734,62,66500,548.8085148,Female,North,39,Electronics,51.8330787,2022-04-06 00:00:00,2023-09-24 00:00:00
1567,63,96300,133.0467891,Male,East,28,Toys,87.7159802,2021-05-31 00:00:00,2021-09-04 00:00:00
218,59,113100,944.1216257,Male,West,6,Clothing,66.30234383,2021-05-22 00:00:00,2023-10-26 00:00:00
2462,77,72200,1784.801593,Male,West,33,Home & Garden,23.40790592,2022-06-20 00:00:00,2023-03-11 00:00:00
629,29,30500,1590.264796,Male,West,22,Health,50.23019052,2021-08-23 00:00:00,2022-10-31 00:00:00
2998,71,52600,533.6114828,Male,East,15,Electronics,43.82092811,2021-06-10 00:00:00,2023-09-11 00:00:00
3375,52,42900,160.9368679,Female,South,39,Home & Garden,68.21729782,2021-01-29 00:00:00,2022-10-30 00:00:00
397,79,66800,1183.640096,Male,West,5,Toys,57.82538453,2021-01-08 00:00:00,2021-12-05 00:00:00
983,42,37500,1501.071832,Male,East,16,Electronics,2.403769667,2021-04-02 00:00:00,2023-07-27 00:00:00
1078,31,110800,1042.922632,Male,East,23,Electronics,72.89330117,2022-09-22 00:00:00,2023-04-25 00:00:00
1326,43,32200,1693.12423,Male,North,35,Toys,6.470419684,2021-03-25 00:00:00,2021-11-20 00:00:00
1444,57,49400,1735.141083,Male,East,25,Clothing,69.50719519,2021-08-25 00:00:00,2022-01-16 00:00:00
